distance_m,signal_mean_pct,rx_link_rate_mean,rtt_mean_ms,jitter_ms,packet_loss_pct,throughput_down_mbps
5,90.0,144.4,1.5,0.777777778,0.0,88.20549249
15,33.25,1.0,108.8888889,55.5,10.0,0.0
15,34.0,1.0,290.5,262.2222222,0.0,0.105660079
1,84.23076923,866.7,1.0,0.0,0.0,93.40174041
1,83.0,866.7,2.111111111,2.5,10.0,94.60629073
15,24.5,1.083333333,241.5,203.0,0.0,0.104828919
1,84.23076923,866.7,1.2,0.444444444,0.0,94.31929472
5,89.75,144.4,11.2,18.33333333,0.0,92.43322292
15,33.5,1.0,192.4,253.4444444,0.0,0.0
1,84.07692308,866.7,1.4,0.888888889,0.0,92.88997442
5,84.16666667,144.4,3.1,4.111111111,0.0,30.06156551
1,79.0,866.7,1.7,1.111111111,0.0,94.57615592
1,79.33333333,866.7,1.6,1.0,0.0,94.57853652
5,89.91666667,144.4,2.9,3.888888889,0.0,52.08656403
1,84.23076923,866.7,1.0,0.0,0.0,93.8173033
5,90.0,144.4,2.444444444,2.25,10.0,69.7623367
5,89.91666667,144.4,1.9,0.888888889,0.0,88.19087565
1,84.0,866.7,1.0,0.0,0.0,93.22033942
15,33.75,1.0,202.0,192.25,10.0,0.0
15,24.0,1.0,162.7,215.0,0.0,0.0
1,84.38461538,866.7,1.0,0.0,0.0,93.46997109
5,94.33333333,144.4,2.0,2.0,0.0,59.74207353
5,90.0,144.4,3.9,4.0,0.0,86.37440933
5,83.91666667,144.4,9.3,7.777777778,0.0,10.57871549
15,33.5,1.0,262.4,250.4444444,0.0,0.0
1,84.75,866.7,2.333333333,1.5,10.0,94.18772343
1,84.0,866.7,1.0,0.0,0.0,94.03123332
5,90.75,144.4,4.0,3.375,10.0,94.25292109
5,92.91666667,144.4,3.7,4.111111111,0.0,83.7905755
1,83.0,866.7,3.2,4.333333333,0.0,94.76166686
15,28.75,1.0,199.7,334.7777778,0.0,0.0
5,90.0,144.4,10.5,11.0,0.0,91.75159665
5,89.83333333,144.4,1.9,0.666666667,0.0,91.85874907
1,84.66666667,866.7,1.0,0.0,0.0,89.20160801
15,21.0,1.0,124.7,123.0,0.0,0.0
5,90.0,144.4,1.7,0.888888889,0.0,89.14662329
1,80.25,866.7,1.7,0.888888889,0.0,94.70516446
15,21.0,1.0,128.9,111.7777778,0.0,0.0
15,31.75,1.0,367.2,335.8888889,0.0,0.104727696
5,86.0,144.4,1.3,0.555555556,0.0,75.92561539
5,89.81818182,144.4,4.4,4.444444444,0.0,87.48265431
5,90.25,144.4,2.4,2.0,0.0,90.27211161
1,84.25,866.7,2.4,2.444444444,0.0,94.35364158
1,84.08333333,866.7,1.1,0.222222222,0.0,93.41770176
15,35.5,1.333333333,605.4,466.1111111,0.0,0.104850764
1,82.41666667,866.7,1.4,0.888888889,0.0,93.3405122
5,84.91666667,144.4,4.1,5.222222222,0.0,29.44064702
1,83.58333333,866.7,1.0,0.0,0.0,93.95935216
5,85.0,144.4,11.0,15.55555556,0.0,20.02036604
15,25.5,1.083333333,184.4,179.5555556,0.0,0.104831141
5,90.0,144.4,1.8,1.222222222,0.0,89.53042164
5,85.0,144.4,1.3,0.666666667,0.0,69.68622746
15,33.25,1.0,546.4,663.7777778,0.0,0.104801741
1,84.41666667,866.7,1.1,0.222222222,0.0,94.64958943
5,86.33333333,144.4,18.1,16.55555556,0.0,7.649728863
15,30.0,1.0,622.1,442.5555556,0.0,1.572752964
5,84.16666667,144.4,5.0,4.888888889,0.0,25.6525541
5,90.0,144.4,3.111111111,4.0,10.0,80.24874588
5,90.0,144.4,2.2,2.222222222,0.0,90.76571903
15,32.0,1.0,300.0,228.7777778,0.0,0.209592253
15,25.75,1.0,298.5,267.3333333,0.0,0.104759085
15,23.25,1.0,220.1,281.0,0.0,0.0
1,80.0,866.7,1.25,0.571428571,20.0,94.76528557
1,80.0,866.7,2.0,2.0,10.0,94.54638758
15,30.5,1.0,179.5,249.0,0.0,0.104753308
15,33.25,13.375,1309.428571,1428.0,20.0,0.104726995
5,90.0,144.4,1.6,1.333333333,0.0,88.17387721
5,90.0,144.4,2.444444444,3.25,10.0,88.48346266
15,24.0,1.0,201.2,197.7777778,0.0,0.0
1,79.91666667,866.7,1.1,0.222222222,0.0,94.71348222
15,35.75,1.0,569.4,166.8888889,0.0,0.104749436
5,85.41666667,144.4,1.2,0.333333333,0.0,56.15927408
15,32.0,1.0,718.0,827.875,10.0,0.0
15,33.5,1.0,933.0,801.625,10.0,0.0
15,24.0,1.0,80.9,84.0,0.0,0.0
1,84.16666667,866.7,1.1,0.222222222,0.0,91.87312972
15,33.25,1.083333333,114.7777778,141.0,10.0,0.104838163
15,43.25,9.666666667,23.0,20.55555556,0.0,0.0
15,33.0,1.0,1014.888889,1090.625,10.0,0.0
15,33.25,1.083333333,531.6,784.5555556,0.0,0.104749436
5,89.66666667,144.4,1.9,1.666666667,0.0,87.54271947
5,87.0,144.4,5.5,6.111111111,0.0,75.58194515
1,79.83333333,866.7,3.1,3.888888889,0.0,94.54077031
5,90.0,144.4,1.8,1.111111111,0.0,94.00915332
1,83.0,866.7,1.7,1.555555556,0.0,94.57161572
15,33.75,1.0,408.9,522.7777778,0.0,0.104801741
1,80.0,866.7,2.8,3.555555556,0.0,94.69782259
1,80.0,866.7,2.2,2.333333333,0.0,94.62024486
5,85.16666667,144.4,10.8,8.111111111,0.0,13.7188294
15,34.75,1.0,459.9,450.7777778,0.0,0.104711005
1,83.0,866.7,1.2,0.444444444,0.0,94.04674825
1,84.08333333,866.7,1.0,0.0,0.0,93.13842843
1,84.30769231,866.7,1.0,0.0,0.0,93.77391135
15,28.5,1.0,1001.5,606.5555556,0.0,0.105773314
5,90.0,144.4,1.7,0.888888889,0.0,92.00871867
15,50.5,1.083333333,879.5,871.8888889,0.0,0.209389286
5,90.0,144.4,1.2,0.444444444,0.0,90.56314466
15,30.0,1.083333333,412.8,438.2222222,0.0,0.209523653
5,89.0,144.4,1.9,2.0,0.0,87.67610977
1,84.5,866.7,1.0,0.0,0.0,94.63726767
5,84.25,144.4,3.2,4.222222222,0.0,26.92738907
5,90.0,144.4,1.3,0.111111111,0.0,89.89285914
15,34.25,1.0,232.2,429.3333333,0.0,0.104778314
15,39.75,1.0,53.8,33.88888889,0.0,0.0
15,33.46153846,1.0,285.6,485.4444444,0.0,0.104856142
15,31.25,1.0,1132.9,804.5555556,0.0,0.0
5,90.0,144.4,3.888888889,5.625,10.0,75.81922449
1,79.91666667,866.7,1.625,1.428571429,20.0,94.68859009
15,33.25,1.0,330.1,395.2222222,0.0,0.104824056
1,79.91666667,866.7,3.0,2.666666667,0.0,94.67286305
15,25.25,1.0,101.1,107.4444444,0.0,0.104788911
15,31.0,1.0,297.3333333,301.5,10.0,0.104817843
15,34.25,1.0,263.0,355.2222222,0.0,0.0
15,31.25,1.0,351.9,436.1111111,0.0,0.104850764
5,90.0,144.4,1.5,1.111111111,0.0,88.16111948
15,30.5,1.083333333,192.8888889,196.0,10.0,0.0
5,92.0,144.4,2.0,1.444444444,0.0,79.28076608
1,83.33333333,866.7,1.222222222,0.5,10.0,94.57728952
5,87.75,144.4,3.111111111,3.125,10.0,76.42717366
15,21.0,1.0,144.7,148.6666667,0.0,0.0
5,90.0,144.4,3.2,4.0,0.0,93.37416067
1,81.0,866.7,3.8,4.222222222,0.0,94.64788165
15,37.0,1.0,208.4444444,141.25,10.0,0.10473732
1,84.1,866.7,5.2,7.666666667,0.0,94.66401529
1,83.0,866.7,3.9,6.222222222,0.0,94.77506386
1,81.0,866.7,3.2,4.888888889,0.0,94.71666209
15,25.0,1.0,195.6,138.4444444,0.0,0.104720312
5,84.58333333,144.4,8.555555556,10.875,10.0,30.79145254
15,33.0,1.083333333,298.3,360.2222222,0.0,0.104749237
1,85.0,866.7,4.2,6.111111111,0.0,93.9061045
1,84.41666667,866.7,4.4,3.111111111,0.0,93.3348987
1,81.0,866.7,2.5,1.777777778,0.0,94.67115164
5,90.09090909,144.4,6.9,9.555555556,0.0,93.39568754
5,84.83333333,144.4,9.333333333,9.125,10.0,26.70907832
15,21.0,1.0,136.7,122.5555556,0.0,0.0
1,84.0,866.7,1.888888889,1.375,10.0,94.72892929
15,50.75,1.0,656.2,629.0,0.0,0.314435392
15,24.25,1.0,139.3,160.4444444,0.0,0.10483135
1,84.30769231,866.7,1.2,0.444444444,0.0,93.10206606
1,82.0,866.7,1.1,0.222222222,0.0,94.70400066
5,90.0,144.4,2.4,1.666666667,0.0,94.32075588
15,36.25,1.0,780.5555556,995.5,10.0,0.0
1,84.08333333,866.7,1.4,0.888888889,0.0,88.30466528
15,39.5,1.0,426.5,232.3333333,0.0,0.104824056
1,84.69230769,866.7,1.0,0.0,0.0,92.97725344
15,48.75,8.891666667,43.4,87.0,0.0,4.823384967
5,83.66666667,144.4,6.888888889,7.25,10.0,30.48333433
1,79.83333333,866.7,1.222222222,0.5,10.0,94.63016463
1,84.0,866.7,2.4,3.111111111,0.0,94.42758581
5,90.0,144.4,1.2,0.444444444,0.0,77.21574593
15,21.0,1.0,144.1,219.4444444,0.0,0.0
1,81.83333333,866.7,1.222222222,0.5,10.0,93.77762203
5,90.0,144.4,2.4,1.777777778,0.0,86.52055334
15,25.0,1.0,123.9,154.0,0.0,0.104820588
5,85.58333333,144.4,20.8,24.33333333,0.0,28.05902154
5,90.0,144.4,2.1,1.555555556,0.0,77.12691986
5,90.0,144.4,3.4,3.555555556,0.0,90.56599312
5,90.0,144.4,2.0,1.777777778,0.0,92.83050678
5,90.0,144.4,1.2,0.444444444,0.0,87.63204964
15,50.5,1.0,918.5,847.7777778,0.0,0.0
5,89.75,144.4,3.7,5.333333333,0.0,78.73979761
15,23.5,1.0,202.9,217.3333333,0.0,0.0
15,39.0,1.083333333,952.1111111,768.75,0.0,0.104817843
15,36.0,1.0,1387.8,1053.777778,0.0,0.0
15,31.75,1.25,89.6,104.8888889,0.0,0.0
1,80.0,866.7,1.444444444,0.625,10.0,94.30067128
5,85.66666667,144.4,2.4,2.222222222,0.0,75.88896008
15,33.25,1.0,340.1,287.5555556,0.0,0.0
5,84.25,144.4,3.6,3.333333333,0.0,33.21096234
1,84.0,866.7,4.111111111,5.375,10.0,94.34022659
1,84.23076923,866.7,1.1,0.222222222,0.0,93.19480016
15,33.0,1.0,207.9,313.0,0.0,0.0
15,32.0,1.0,449.1,661.5555556,0.0,0.0
1,84.23076923,866.7,1.0,0.0,0.0,92.95918114
1,80.0,866.7,1.555555556,1.125,10.0,93.96842006
15,33.25,1.0,216.6,276.3333333,0.0,0.0
15,33.25,1.0,122.3,139.3333333,0.0,0.0
5,89.0,144.4,4.1,5.0,0.0,83.86231796
15,38.5,1.916666667,1032.25,579.7142857,20.0,0.104811483
1,84.23076923,866.7,1.0,0.0,0.0,93.08156597
5,90.0,144.4,11.8,12.22222222,0.0,92.21425078
5,87.0,144.4,1.5,0.888888889,0.0,81.57471134
15,33.0,1.0,624.5,779.2222222,0.0,0.0
1,85.0,866.7,1.1,0.222222222,0.0,93.21796828
15,24.0,1.0,161.5,143.4444444,0.0,0.0
5,90.0,144.4,1.4,0.444444444,0.0,94.20287734
5,82.83333333,144.4,19.6,26.22222222,0.0,22.72624137
5,90.0,144.4,5.1,7.333333333,0.0,89.38027838
15,35.25,1.0,1577.1,1182.0,0.0,0.104818492
1,84.0,866.7,1.5,1.111111111,0.0,92.97916601
1,84.23076923,866.7,1.9,2.0,0.0,94.58175808
15,34.0,1.0,485.7,464.8888889,0.0,0.104700842
1,79.58333333,866.7,2.2,1.666666667,0.0,94.6743003
5,90.0,144.4,1.9,2.0,0.0,90.41695423
1,80.08333333,866.7,3.2,4.888888889,0.0,94.68573368
15,30.0,1.0,490.7777778,718.625,10.0,0.0
5,89.16666667,144.4,2.666666667,2.75,10.0,32.81384962
15,37.5,1.0,383.1,390.1111111,0.0,0.104727696
5,86.0,144.4,1.2,0.222222222,0.0,80.51673156
15,32.75,1.0,293.7,277.3333333,0.0,0.0
5,84.75,144.4,13.7,21.66666667,0.0,22.53743346
15,29.25,1.0,729.9,1018.0,0.0,0.0
5,89.83333333,144.4,1.6,1.0,0.0,93.31641458
15,24.0,1.0,208.2,301.1111111,0.0,0.0
1,84.0,866.7,1.7,1.222222222,0.0,94.75151267
5,84.25,144.4,1.6,0.777777778,0.0,29.11137445
1,84.0,866.7,1.1,0.222222222,0.0,94.57676016
5,84.41666667,144.4,10.6,20.22222222,0.0,28.80342175
5,89.66666667,144.4,3.0,3.444444444,0.0,82.63002817
15,34.0,1.0,576.7,375.1111111,0.0,0.0
5,90.0,144.4,2.444444444,2.25,10.0,74.42451453
15,36.0,1.0,21.2,27.44444444,0.0,0.0
1,84.0,866.7,6.2,8.222222222,0.0,94.57084978
5,90.0,144.4,3.75,3.571428571,20.0,41.16385535
15,24.25,1.0,278.9,416.0,0.0,0.104768714
5,85.0,144.4,3.3,4.888888889,0.0,66.73033018
15,33.75,1.0,549.0,537.4444444,0.0,0.104726995
15,33.5,1.0,65.0,108.7777778,0.0,0.0
5,90.0,144.4,2.444444444,2.625,10.0,88.91090992
5,89.0,144.4,1.1,0.222222222,0.0,81.18219948
5,92.0,144.4,3.8,3.555555556,0.0,82.86768952
1,79.83333333,866.7,1.888888889,1.0,10.0,94.57405882
15,33.0,1.0,1248.7,629.3333333,0.0,0.0
15,29.0,1.0,727.6666667,508.75,10.0,0.0
1,84.23076923,866.7,1.6,1.222222222,0.0,94.5912729
1,84.23076923,866.7,1.888888889,2.0,10.0,94.08223017
1,82.0,866.7,3.111111111,2.875,10.0,94.660561
15,33.0,1.0,140.4444444,111.625,10.0,0.104760079
5,90.0,144.4,3.7,3.444444444,0.0,54.1429966
1,82.0,866.7,2.8,3.888888889,0.0,94.69858889
15,37.0,1.791666667,391.8,281.7777778,0.0,0.104760079
5,84.75,144.4,3.3,4.222222222,0.0,32.38331711
5,89.0,144.4,3.333333333,4.25,10.0,86.82265902
5,89.75,144.4,1.1,0.222222222,0.0,77.66750589
15,30.0,1.0,167.8,179.8888889,0.0,0.104811483
1,84.5,866.7,1.2,0.222222222,0.0,90.67155783
5,89.66666667,144.4,1.5,0.777777778,0.0,82.53693215
15,31.5,1.0,1179.333333,1120.625,0.0,0.0
1,84.08333333,866.7,1.0,0.0,0.0,93.0708758
1,80.0,866.7,2.5,3.333333333,0.0,94.67335734
15,39.0,1.5,116.7,187.1111111,0.0,0.0
1,84.91666667,866.7,1.6,1.111111111,0.0,86.69179983
15,24.25,1.0,297.0,295.1111111,0.0,0.0
1,84.08333333,866.7,1.0,0.0,0.0,92.77659977
5,90.0,144.4,3.7,4.0,0.0,53.75781259
1,80.0,866.7,2.666666667,1.75,10.0,94.67287251
15,30.5,1.0,338.2,333.4444444,0.0,0.104847923
1,80.5,866.7,3.1,3.666666667,0.0,94.54324628
1,83.0,866.7,1.222222222,0.5,10.0,94.73710919
15,34.75,1.0,336.2,379.4444444,0.0,0.0
1,83.16666667,866.7,1.2,0.444444444,0.0,94.84069361
5,90.0,144.4,2.2,2.333333333,0.0,85.28264513
15,24.0,1.0,143.4,82.66666667,0.0,0.104833415
1,84.25,866.7,1.5,0.888888889,0.0,94.7813847
5,90.0,144.4,2.1,2.222222222,0.0,81.85758817
1,84.07692308,866.7,1.0,0.0,0.0,90.77625535
1,84.0,866.7,1.0,0.0,0.0,93.75272112
1,83.0,866.7,1.2,0.444444444,0.0,94.59551597
15,31.75,1.0,136.7392898746224,132.91387778843358,1.9230769230769231,0.0
1,84.0,866.7,1.0,0.0,0.0,94.62560639
15,28.5,1.0,272.7777778,269.75,10.0,0.0
5,90.0,144.4,2.4,2.333333333,0.0,92.42510325
5,91.25,144.4,2.4,1.888888889,0.0,91.97810867
1,84.15384615,866.7,1.1,0.222222222,0.0,92.68347385
1,84.0,866.7,3.1,4.555555556,0.0,94.655451
15,24.75,1.0,378.3,594.4444444,0.0,0.104699713
1,80.0,866.7,1.0,0.0,0.0,94.47951732
1,84.53846154,866.7,1.2,0.222222222,0.0,92.64622956
5,84.41666667,144.4,5.4,3.777777778,0.0,27.76586207
1,79.41666667,866.7,1.1,0.222222222,0.0,94.40261043
15,35.25,1.0,136.7392898746224,132.91387778843358,1.9230769230769231,0.0
1,84.08333333,866.7,14.9,17.55555556,0.0,93.20892461
5,89.91666667,144.4,2.6,2.888888889,0.0,91.98356734
5,90.0,144.4,2.1,2.111111111,0.0,72.93411695
5,90.0,144.4,1.2,0.444444444,0.0,92.75424063
5,90.0,144.4,1.666666667,1.0,10.0,92.14838747
1,84.16666667,866.7,1.0,0.0,0.0,93.44461797
1,80.0,866.7,1.8,0.888888889,0.0,94.36514951
1,83.66666667,866.7,1.1,0.222222222,0.0,90.24175774
5,89.83333333,144.4,2.0,1.444444444,0.0,83.43772174
5,85.75,144.4,1.6,0.666666667,0.0,74.66408344
1,80.0,866.7,1.0,0.0,10.0,94.34447067
1,84.25,866.7,1.0,0.0,0.0,94.13811673
1,83.0,866.7,2.5,2.333333333,0.0,92.19998757
5,89.33333333,144.4,3.222222222,4.625,10.0,84.02930281
5,90.0,144.4,1.3,0.444444444,0.0,79.93211584
1,84.61538462,866.7,1.0,0.0,0.0,92.9982475
1,84.23076923,866.7,1.2,0.444444444,0.0,93.2686552
