seconds_since_midnight,distance_m,signal_mean_pct,signal_std_pct,rx_link_rate_mean,tx_link_rate_mean,rtt_mean_ms,rtt_std_ms,jitter_ms,packet_loss_pct,throughput_down_mbps
58515,1,79.41666667,0.514928651,866.7,866.7,1.1,0.316227766,0.222222222,0.0,94.40261043
58536,1,80.0,0.0,866.7,866.7,1.8,2.529822128,0.888888889,0.0,94.36514951
58557,1,80.0,0.0,866.7,866.7,2.666666667,4.636809248,1.75,10.0,94.67287251
58583,1,80.0,0.0,866.7,866.7,1.555555556,1.333333333,1.125,10.0,93.96842006
58608,1,81.0,0.0,866.7,866.7,3.8,4.732863826,4.222222222,0.0,94.64788165
58629,1,81.0,0.0,866.7,866.7,3.2,4.962078418,4.888888889,0.0,94.71666209
58651,1,81.0,0.0,866.7,866.7,2.5,4.403281605,1.777777778,0.0,94.67115164
58672,1,80.25,0.621581561,866.7,866.7,1.7,0.823272602,0.888888889,0.0,94.70516446
58693,1,82.0,0.0,866.7,866.7,1.1,0.316227766,0.222222222,0.0,94.70400066
58715,1,82.0,0.0,866.7,866.7,3.111111111,5.011098793,2.875,10.0,94.660561
58740,1,82.0,0.0,866.7,866.7,2.8,3.583914682,3.888888889,0.0,94.69858889
58762,1,79.91666667,0.288675135,866.7,866.7,1.1,0.316227766,0.222222222,0.0,94.71348222
58783,1,80.0,0.0,866.7,866.7,1.0,0.0,0.0,0.0,94.54600253
58805,1,79.83333333,0.389249472,866.7,866.7,1.888888889,0.927960727,1.0,10.0,94.57405882
58830,1,79.91666667,0.288675135,866.7,866.7,3.0,2.160246899,2.666666667,0.0,94.67286305
58851,1,80.0,0.0,866.7,866.7,2.8,4.685675571,3.555555556,0.0,94.69782259
58873,1,79.83333333,0.389249472,866.7,866.7,1.888888889,1.364225462,1.5,10.0,94.61431669
58898,1,80.0,0.0,866.7,866.7,1.0,0.0,0.0,10.0,94.34447067
58923,1,80.0,0.0,866.7,866.7,2.2,2.898275349,2.333333333,0.0,94.62024486
58944,1,80.08333333,0.900336637,866.7,866.7,3.2,5.613475849,4.888888889,0.0,94.68573368
58966,1,80.5,0.797724035,866.7,866.7,3.1,4.629614815,3.666666667,0.0,94.54324628
58987,1,80.16666667,0.577350269,866.7,866.7,3.1,4.581363213,4.666666667,0.0,94.59234072
59008,1,79.0,0.426401433,866.7,866.7,1.7,1.059349905,1.111111111,0.0,94.57615592
59030,1,79.58333333,0.514928651,866.7,866.7,2.2,2.201009869,1.666666667,0.0,94.6743003
59051,1,79.91666667,0.288675135,866.7,866.7,1.625,1.060660172,1.428571429,20.0,94.68859009
59080,1,79.58333333,0.514928651,866.7,866.7,1.2,0.421637021,0.333333333,0.0,94.72043846
59102,1,79.83333333,0.389249472,866.7,866.7,3.1,4.483302354,3.888888889,0.0,94.54077031
59123,1,79.66666667,0.492365964,866.7,866.7,1.1,0.316227766,0.111111111,0.0,94.61402361
59145,1,79.33333333,0.651338947,866.7,866.7,1.6,0.843274043,1.0,0.0,94.57853652
59166,1,79.83333333,0.389249472,866.7,866.7,1.222222222,0.666666667,0.5,10.0,94.63016463
66344,15,25.75,2.378884383,1.0,8.125,298.5,257.8428677,267.3333333,0.0,0.104759085
66376,15,25.25,1.544785952,1.0,11.375,101.1,103.1820936,107.4444444,0.0,0.104788911
66406,15,25.0,1.477097892,1.0,7.583333333,123.9,128.0377115,154.0,0.0,0.104820588
66433,15,24.25,0.866025404,1.0,6.5,278.9,299.8341949,416.0,0.0,0.104768714
66458,15,24.5,1.167748416,1.0,6.5,129.6,124.0745296,173.5555556,0.0,0.10484786
66489,15,25.0,1.477097892,1.0,8.666666667,195.6,127.7307933,138.4444444,0.0,0.104720312
66521,15,24.75,1.356801051,1.0,6.5,378.3,573.3064044,594.4444444,0.0,0.104699713
66550,15,24.25,0.866025404,1.0,6.5,139.3,175.7896786,160.4444444,0.0,0.10483135
66574,15,25.5,1.566698904,1.083333333,7.041666667,184.4,140.9572039,179.5555556,0.0,0.104831141
66599,15,24.25,0.866025404,1.0,8.125,297.0,245.5651079,295.1111111,0.0,0.0
66623,15,24.25,0.866025404,1.0,9.75,200.1,104.8792427,133.8888889,0.0,0.0
66648,15,24.0,0.0,1.0,12.45833333,161.5,140.5159145,143.4444444,0.0,0.0
66671,15,24.25,0.866025404,1.0,10.29166667,159.2,206.8562571,211.7777778,0.0,0.0
66699,15,24.0,0.0,1.0,6.5,224.8,344.673372,394.0,0.0,0.104737864
66727,15,24.0,0.0,1.0,10.83333333,143.4,134.3744354,82.66666667,0.0,0.104833415
66753,15,24.0,0.0,1.0,11.375,80.9,89.63809954,84.0,0.0,0.0
66776,15,23.25,1.864744682,1.0,10.83333333,220.1,239.7936381,281.0,0.0,0.0
66800,15,23.5,2.153221688,1.0,10.83333333,202.9,285.3704999,217.3333333,0.0,0.0
66826,15,24.0,0.0,1.0,14.625,208.2,348.6624601,301.1111111,0.0,0.0
66861,15,24.5,1.167748416,1.083333333,6.5,241.5,271.2425114,203.0,0.0,0.104828919
66895,15,24.0,0.0,1.0,8.666666667,201.2,228.2400296,197.7777778,0.0,0.0
66919,15,23.75,1.544785952,1.0,7.583333333,265.6,321.2113185,355.7777778,0.0,0.0
66944,15,21.0,0.0,1.0,7.041666667,136.7,145.5694183,122.5555556,0.0,0.0
66970,15,21.0,0.0,1.0,6.5,128.9,85.11097331,111.7777778,0.0,0.0
66996,15,21.0,0.0,1.0,7.041666667,144.7,185.3321643,148.6666667,0.0,0.0
67019,15,21.0,0.0,1.0,7.041666667,268.3,308.9502117,335.8888889,0.0,0.0
67041,15,21.0,0.0,1.0,6.5,101.5,109.5336072,137.3333333,0.0,0.0
67072,15,21.0,0.0,1.0,6.5,144.1,220.6910611,219.4444444,0.0,0.0
67096,15,21.0,0.0,1.0,7.041666667,124.7,90.95181875,123.0,0.0,0.0
67120,15,24.0,0.0,1.0,6.5,162.7,203.5993069,215.0,0.0,0.0
68153,5,95.0,0.0,144.4,144.4,1.7,1.33749351,1.0,0.0,88.61765082
68174,5,94.33333333,0.651338947,144.4,144.4,2.0,1.699673171,2.0,0.0,59.74207353
68196,5,89.75,0.452267017,144.4,144.4,1.1,0.316227766,0.222222222,0.0,77.66750589
68217,5,89.83333333,0.389249472,144.4,144.4,1.9,1.100504935,0.666666667,0.0,91.85874907
68239,5,90.75,1.138180366,144.4,144.4,4.0,3.354101966,3.375,10.0,94.25292109
68264,5,90.0,0.0,144.4,144.4,3.9,4.254409477,4.0,0.0,86.37440933
68285,5,90.0,0.0,144.4,144.4,3.5,4.326918329,4.888888889,0.0,90.68665781
68307,5,89.83333333,0.389249472,144.4,144.4,1.6,1.0749677,1.0,0.0,93.31641458
68328,5,92.91666667,1.975225342,144.4,144.4,3.7,4.854551129,4.111111111,0.0,83.7905755
68349,5,92.91666667,1.164500153,144.4,144.4,4.4,4.599516883,5.0,0.0,84.91674706
68371,5,92.0,0.0,144.4,144.4,3.8,4.638007235,3.555555556,0.0,82.86768952
68392,5,91.25,1.356801051,144.4,144.4,2.4,2.796823595,1.888888889,0.0,91.97810867
68414,5,92.0,0.0,144.4,144.4,2.0,1.885618083,1.444444444,0.0,79.28076608
68435,5,89.0,0.0,144.4,144.4,3.0,5.656854249,4.0,0.0,75.48171142
68457,5,89.91666667,0.288675135,144.4,144.4,2.9,4.357624225,3.888888889,0.0,52.08656403
68478,5,90.0,0.0,144.4,144.4,1.222222222,0.440958552,0.375,10.0,80.18304462
68503,5,90.0,0.0,144.4,144.4,3.7,4.473378042,3.444444444,0.0,54.1429966
68525,5,90.0,0.0,144.4,144.4,2.1,1.523883927,1.555555556,0.0,77.12691986
68546,5,90.0,0.0,144.4,144.4,2.1,2.806737925,2.111111111,0.0,72.93411695
68568,5,90.0,0.0,144.4,144.4,3.7,4.137900702,4.0,0.0,53.75781259
68589,5,90.0,0.0,144.4,144.4,2.444444444,1.810463415,2.25,10.0,74.42451453
68614,5,90.0,0.0,144.4,144.4,2.6,2.796823595,3.111111111,0.0,77.83101554
68635,5,90.0,0.0,144.4,144.4,1.2,0.632455532,0.444444444,0.0,77.21574593
68657,5,90.0,0.0,144.4,144.4,2.444444444,1.589898669,2.25,10.0,69.7623367
68682,5,90.0,0.0,144.4,144.4,3.75,3.284161124,3.571428571,20.0,41.16385535
68711,5,90.0,0.0,144.4,144.4,1.3,0.674948558,0.444444444,0.0,79.93211584
68733,5,90.0,0.0,144.4,144.4,3.888888889,6.470016315,5.625,10.0,75.81922449
68758,5,90.0,0.0,144.4,144.4,2.222222222,2.386303511,2.625,10.0,81.04512644
68783,5,90.0,0.0,144.4,144.4,2.1,1.728840331,2.222222222,0.0,81.85758817
68804,5,90.0,0.0,144.4,144.4,1.6,0.966091783,0.777777778,0.0,70.84507036
46893,5,85.75,2.261335084,144.4,144.4,1.6,0.699205899,0.666666667,0.0,74.66408344
46914,5,85.0,0.0,144.4,144.4,1.9,1.286683938,1.444444444,0.0,71.4808312
46936,5,85.0,0.426401433,144.4,144.4,1.3,0.674948558,0.666666667,0.0,69.68622746
46957,5,85.41666667,0.900336637,144.4,144.4,1.2,0.421637021,0.333333333,0.0,56.15927408
46979,5,85.58333333,0.792961461,144.4,144.4,1.888888889,1.054092553,1.125,10.0,77.4550433
47004,5,86.0,0.0,144.4,144.4,1.2,0.421637021,0.222222222,0.0,80.51673156
47025,5,86.0,0.0,144.4,144.4,1.3,0.483045892,0.555555556,0.0,75.92561539
47046,5,85.66666667,0.651338947,144.4,144.4,2.4,2.221110833,2.222222222,0.0,75.88896008
47068,5,85.0,0.0,144.4,144.4,3.3,4.448470399,4.888888889,0.0,66.73033018
47089,5,86.33333333,3.025147129,144.4,144.4,18.1,44.48083233,16.55555556,0.0,7.649728863
47111,5,82.83333333,1.585922922,144.4,144.4,19.6,27.56487298,26.22222222,0.0,22.72624137
47133,5,84.75,1.356801051,144.4,144.4,3.3,4.448470399,4.222222222,0.0,32.38331711
47154,5,84.83333333,0.937436867,144.4,144.4,9.333333333,14.73940297,9.125,10.0,26.70907832
47180,5,84.25,1.055289706,144.4,144.4,3.2,4.315347289,4.222222222,0.0,26.92738907
47201,5,84.16666667,1.029857301,144.4,144.4,3.1,4.605552205,4.111111111,0.0,30.06156551
47223,5,85.0,0.0,144.4,144.4,11.0,14.36043949,15.55555556,0.0,20.02036604
47244,5,85.58333333,0.668557923,144.4,144.4,20.8,28.62322289,24.33333333,0.0,28.05902154
47266,5,84.25,1.215431087,144.4,144.4,3.6,4.671426144,3.333333333,0.0,33.21096234
47287,5,84.25,0.753778361,144.4,144.4,7.2,10.45413262,7.444444444,0.0,32.49612666
47308,5,84.16666667,0.389249472,144.4,144.4,5.0,5.055250296,4.888888889,0.0,25.6525541
47330,5,84.41666667,0.99620492,144.4,144.4,5.4,7.321202087,3.777777778,0.0,27.76586207
47351,5,84.83333333,0.389249472,144.4,144.4,5.8,6.373556481,6.777777778,0.0,18.11892106
47372,5,85.16666667,1.029857301,144.4,144.4,10.8,10.80946088,8.111111111,0.0,13.7188294
47394,5,83.91666667,1.781640375,144.4,144.4,9.3,11.41198201,7.777777778,0.0,10.57871549
47416,5,84.75,0.452267017,144.4,144.4,13.7,16.99052023,21.66666667,0.0,22.53743346
47437,5,84.25,0.452267017,144.4,144.4,1.6,0.966091783,0.777777778,0.0,29.11137445
47459,5,84.58333333,0.514928651,144.4,144.4,8.555555556,12.59078146,10.875,10.0,30.79145254
47484,5,83.66666667,0.887625365,144.4,144.4,6.888888889,8.022537698,7.25,10.0,30.48333433
47509,5,84.41666667,0.514928651,144.4,144.4,10.6,27.61320135,20.22222222,0.0,28.80342175
47530,5,84.91666667,0.288675135,144.4,144.4,4.1,4.629614815,5.222222222,0.0,29.44064702
48092,15,43.25,10.88890177,9.666666667,17.875,23.0,25.88435821,20.55555556,0.0,0.0
48133,15,36.25,2.00567377,1.0,6.5,780.5555556,1112.911734,995.5,10.0,0.0
48179,15,34.75,1.544785952,1.0,6.5,336.2,449.3159739,379.4444444,0.0,0.0
48222,15,34.25,2.378884383,1.0,11.375,232.2,518.2879509,429.3333333,0.0,0.104778314
48265,15,33.5,2.8123106,1.0,8.125,65.0,90.46669123,108.7777778,0.0,0.0
48303,15,35.0,2.335496832,1.083333333,6.5,406.9,467.6105811,598.2222222,0.0,0.209505087
48333,15,36.0,0.0,1.083333333,6.5,541.0,606.057753,670.1111111,0.0,0.20948326
48365,15,36.0,2.558408596,1.0,6.5,21.2,18.70115861,27.44444444,0.0,0.0
48416,15,34.25,1.544785952,1.0,6.5,263.0,342.5833232,355.2222222,0.0,0.0
48468,15,33.0,1.279204298,1.0,6.5,1248.7,851.7581882,629.3333333,0.0,0.0
48524,15,31.5,3.503245249,1.0,8.666666667,1179.333333,974.0917565,1120.625,0.0,0.0
48573,15,28.5,1.566698904,1.0,6.5,1001.5,869.8143161,606.5555556,0.0,0.105773314
48611,15,28.75,1.544785952,1.0,6.5,199.7,348.8587903,334.7777778,0.0,0.0
48650,15,29.0,2.954195784,1.0,6.5,727.6666667,989.851504,508.75,10.0,0.0
48704,15,29.0,1.954016842,1.0,6.5,455.1,303.2353138,436.3333333,0.0,0.0
48740,15,29.0,1.954016842,1.0,6.5,992.6,1139.130975,882.5555556,0.0,0.0
48784,15,28.5,1.566698904,1.0,6.5,272.7777778,281.2257891,269.75,10.0,0.0
48823,15,32.0,2.954195784,1.0,6.5,718.0,930.7703798,827.875,10.0,0.0
48868,15,32.0,2.335496832,1.0,7.041666667,449.1,531.2554209,661.5555556,0.0,0.0
48909,15,30.5,1.732050808,1.0,8.125,338.2,541.4459653,333.4444444,0.0,0.104847923
48947,15,33.0,0.0,1.0,7.041666667,624.5,664.2083425,779.2222222,0.0,0.0
48986,15,30.0,0.0,1.083333333,6.5,412.8,663.6605223,438.2222222,0.0,0.209523653
49015,15,31.75,2.00567377,1.25,6.5,89.6,178.4122567,104.8888889,0.0,0.0
49055,15,30.0,2.860387768,1.0,6.5,622.1,860.5968794,442.5555556,0.0,1.572752964
49084,15,41.0,4.670993665,5.25,7.041666667,3.1,3.695342414,3.222222222,0.0,0.0
49122,15,50.5,1.167748416,1.0,6.5,918.5,978.5914197,847.7777778,0.0,0.0
49157,15,50.5,1.732050808,1.083333333,6.5,879.5,895.4887244,871.8888889,0.0,0.209389286
49189,15,49.5,1.566698904,2.708333333,6.5,361.4,551.6766766,333.8888889,0.0,0.418837452
49228,15,50.75,0.866025404,1.0,6.5,656.2,613.9976113,629.0,0.0,0.314435392
49253,15,48.75,1.356801051,8.891666667,8.291666667,43.4,85.32578092,87.0,0.0,4.823384967
49735,1,83.66666667,0.651338947,866.7,866.7,1.1,0.316227766,0.222222222,0.0,90.24175774
49756,1,83.0,0.0,866.7,866.7,1.2,0.632455532,0.444444444,0.0,94.04674825
49777,1,84.61538462,0.506369684,866.7,866.7,1.0,0.0,0.0,0.0,92.9982475
49798,1,84.25,0.452267017,866.7,866.7,2.4,2.796823595,2.444444444,0.0,94.35364158
49820,1,84.08333333,0.288675135,866.7,866.7,1.4,1.264911064,0.888888889,0.0,88.30466528
49841,1,84.08333333,0.288675135,866.7,866.7,1.0,0.0,0.0,0.0,92.77659977
49863,1,84.08333333,0.288675135,866.7,866.7,1.0,0.0,0.0,0.0,93.0708758
49884,1,84.16666667,0.717740563,866.7,866.7,1.0,0.0,0.0,0.0,93.44461797
49905,1,84.25,0.452267017,866.7,866.7,1.0,0.0,0.0,0.0,94.13811673
49927,1,84.25,0.753778361,866.7,866.7,1.0,0.0,0.0,0.0,93.95639561
49948,1,83.58333333,0.668557923,866.7,866.7,1.0,0.0,0.0,0.0,93.95935216
49969,1,84.0,0.0,866.7,866.7,1.5,1.58113883,1.111111111,0.0,92.97916601
49991,1,84.53846154,0.518874522,866.7,866.7,1.2,0.632455532,0.222222222,0.0,92.64622956
50013,1,84.66666667,0.492365964,866.7,866.7,1.0,0.0,0.0,0.0,89.20160801
50034,1,84.58333333,0.514928651,866.7,866.7,1.0,0.0,0.0,0.0,92.98725764
50056,1,84.75,0.452267017,866.7,866.7,2.333333333,3.278719262,1.5,10.0,94.18772343
50081,1,84.41666667,0.514928651,866.7,866.7,1.1,0.316227766,0.222222222,0.0,94.64958943
50102,1,84.0,0.0,866.7,866.7,1.0,0.0,0.0,0.0,88.89921581
50124,1,84.08333333,0.288675135,866.7,866.7,1.0,0.0,0.0,0.0,93.13842843
50145,1,84.5,0.522232968,866.7,866.7,1.2,0.632455532,0.222222222,0.0,90.67155783
50167,1,84.0,0.0,866.7,866.7,3.1,4.357624225,4.0,0.0,94.11532125
50188,1,84.08333333,1.378954369,866.7,866.7,1.1,0.316227766,0.222222222,0.0,93.41770176
50209,1,81.83333333,1.337115847,866.7,866.7,1.222222222,0.666666667,0.5,10.0,93.77762203
50234,1,84.41666667,0.514928651,866.7,866.7,4.4,5.680375574,3.111111111,0.0,93.3348987
50256,1,84.91666667,0.288675135,866.7,866.7,1.6,1.577621275,1.111111111,0.0,86.69179983
50277,1,85.0,0.0,866.7,866.7,1.1,0.316227766,0.222222222,0.0,93.21796828
50299,1,82.41666667,0.900336637,866.7,866.7,1.4,1.264911064,0.888888889,0.0,93.3405122
50320,1,83.0,0.0,866.7,866.7,2.5,2.273030283,2.333333333,0.0,92.19998757
50341,1,83.0,0.0,866.7,866.7,3.2,4.917090377,4.333333333,0.0,94.76166686
50363,1,83.0,0.0,866.7,866.7,3.7,5.457919832,3.111111111,0.0,94.60269887
68037,15,31.25,5.495866215,1.0,9.75,1132.9,862.461136,804.5555556,0.0,0.0
68064,15,34.5,2.393172106,1.0,6.5,428.1,466.2141735,632.6666667,0.0,0.209592253
68096,15,33.5,1.167748416,1.0,6.5,542.7,506.5973746,373.0,0.0,0.104845218
68130,15,33.25,0.866025404,1.083333333,6.5,531.6,690.8685677,784.5555556,0.0,0.104749436
68158,15,33.25,0.866025404,1.0,8.125,216.6,213.0373989,276.3333333,0.0,0.0
68181,15,33.25,0.866025404,1.0,6.5,330.1,360.7974039,395.2222222,0.0,0.104824056
68210,15,31.75,2.98861476,1.0,6.5,367.2,268.7608602,335.8888889,0.0,0.104727696
68239,15,30.0,0.0,1.0,6.5,537.9,997.4589326,911.3333333,0.0,0.104818492
68267,15,33.0,0.0,1.0,9.75,140.4444444,151.7984775,111.625,10.0,0.104760079
68303,15,33.25,0.866025404,1.083333333,6.5,114.7777778,98.0328743,141.0,10.0,0.104838163
68334,15,32.0,2.335496832,1.0,6.5,142.7,160.3766747,192.8888889,0.0,0.104732685
68362,15,30.0,0.0,1.0,6.5,490.7777778,783.3980115,718.625,10.0,0.0
68397,15,30.5,1.732050808,1.0,6.5,179.5,196.0165809,249.0,0.0,0.104753308
68428,15,32.75,2.378884383,1.0,6.5,293.7,281.1784921,277.3333333,0.0,0.0
68463,15,33.75,1.356801051,1.0,6.5,549.0,654.3524365,537.4444444,0.0,0.104726995
68502,15,31.0,1.954016842,1.0,6.5,297.3333333,294.6981507,301.5,10.0,0.104817843
68538,15,30.0,0.0,1.0,6.5,158.2,143.1089717,148.4444444,0.0,0.0
68561,15,30.0,0.0,1.0,8.125,167.8,129.6257862,179.8888889,0.0,0.104811483
68587,15,31.25,2.00567377,1.0,7.041666667,351.9,307.529023,436.1111111,0.0,0.104850764
68612,15,33.25,0.866025404,1.0,7.041666667,546.4,586.1031764,663.7777778,0.0,0.104801741
68645,15,33.25,0.866025404,1.0,8.125,399.0,322.8608231,302.7777778,0.0,0.104768662
68675,15,33.0,0.0,1.083333333,6.5,298.3,334.2663775,360.2222222,0.0,0.104749237
68701,15,33.0,0.0,1.0,8.125,411.6,485.7848632,596.2222222,0.0,0.10473732
68727,15,33.0,0.0,1.0,6.5,1014.888889,780.7895754,1090.625,10.0,0.0
68762,15,33.5,1.167748416,1.0,6.5,933.0,1118.334029,801.625,10.0,0.0
68797,15,33.25,2.378884383,1.0,7.583333333,108.8888889,61.65112417,55.5,10.0,0.0
68823,15,30.5,1.732050808,1.083333333,6.5,192.8888889,208.6560833,196.0,10.0,0.0
68857,15,33.0,0.0,1.0,6.5,207.9,231.1644196,313.0,0.0,0.0
68888,15,33.5,1.167748416,1.0,6.5,262.4,339.933719,250.4444444,0.0,0.0
68914,15,33.46153846,1.664100589,1.0,6.5,285.6,553.0353013,485.4444444,0.0,0.104856142
69175,5,89.66666667,0.492365964,144.4,144.4,1.9,1.852925615,1.666666667,0.0,87.54271947
69197,5,89.0,0.0,144.4,144.4,2.4,2.221110833,2.0,0.0,89.40053114
69218,5,89.0,0.0,144.4,144.4,1.1,0.316227766,0.222222222,0.0,81.18219948
69239,5,89.0,0.0,144.4,144.4,3.333333333,4.5,4.25,10.0,86.82265902
69265,5,90.0,0.0,144.4,144.4,1.8,1.316561177,1.111111111,0.0,94.00915332
69286,5,90.0,0.0,144.4,144.4,2.0,1.56347192,1.777777778,0.0,92.83050678
69308,5,90.0,0.0,144.4,144.4,2.444444444,4.333333333,3.25,10.0,88.48346266
69333,5,90.0,0.0,144.4,144.4,1.2,0.421637021,0.444444444,0.0,87.63204964
69354,5,90.0,0.0,144.4,144.4,2.4,2.796823595,1.777777778,0.0,86.52055334
69376,5,90.0,0.0,144.4,144.4,1.4,0.966091783,0.888888889,0.0,93.50135288
69397,5,90.0,0.0,144.4,144.4,1.666666667,1.118033989,1.0,10.0,92.14838747
69422,5,90.0,0.0,144.4,144.4,1.1,0.316227766,0.111111111,0.0,90.34398547
69444,5,90.0,0.0,144.4,144.4,2.4,2.836272985,2.111111111,0.0,88.1750484
69465,5,90.0,0.0,144.4,144.4,1.7,1.33749351,0.888888889,0.0,92.00871867
69486,5,89.81818182,2.358736179,144.4,144.4,4.4,4.857983121,4.444444444,0.0,87.48265431
69508,5,89.75,0.866025404,144.4,144.4,3.7,5.61842208,5.333333333,0.0,78.73979761
69529,5,87.0,0.0,144.4,144.4,5.5,8.058811602,6.111111111,0.0,75.58194515
69551,5,91.0,0.0,144.4,144.4,1.5,0.849836586,1.111111111,0.0,90.72592645
69572,5,89.0,2.088931871,144.4,144.4,3.3,3.683295626,2.222222222,0.0,81.3890676
69594,5,87.0,0.0,144.4,144.4,1.5,0.849836586,0.888888889,0.0,81.57471134
69615,5,87.0,0.0,144.4,144.4,3.8,5.181162461,3.0,0.0,84.64275269
69637,5,87.75,1.356801051,144.4,144.4,1.4,0.699205899,0.777777778,0.0,76.03435751
69658,5,90.25,0.866025404,144.4,144.4,2.4,1.429840706,2.0,0.0,90.27211161
69679,5,90.0,0.0,144.4,144.4,3.111111111,5.30199124,4.0,10.0,80.24874588
69705,5,89.66666667,0.492365964,144.4,144.4,3.0,4.396968653,3.444444444,0.0,82.63002817
69726,5,89.0,0.426401433,144.4,144.4,4.1,5.384133068,5.0,0.0,83.86231796
69748,5,90.0,0.0,144.4,144.4,2.444444444,3.244653722,2.625,10.0,88.91090992
69773,5,90.09090909,1.513574937,144.4,144.4,6.9,7.475143997,9.555555556,0.0,93.39568754
69794,5,89.0,0.0,144.4,144.4,3.0,4.163331999,4.222222222,0.0,87.78604305
69816,5,89.0,0.0,144.4,144.4,1.9,1.91195072,2.0,0.0,87.67610977
71457,1,84.0,0.0,866.7,866.7,4.2,5.202563471,4.666666667,0.0,94.04006727
71478,1,84.0,0.0,866.7,866.7,4.111111111,6.193634725,5.375,10.0,94.34022659
71503,1,84.1,0.316227766,866.7,866.7,5.2,6.908931418,7.666666667,0.0,94.66401529
71525,1,84.0,0.0,866.7,866.7,1.7,1.159501809,1.222222222,0.0,94.75151267
71546,1,84.25,0.452267017,866.7,866.7,1.5,0.707106781,0.888888889,0.0,94.7813847
71568,1,84.5,0.522232968,866.7,866.7,1.0,0.0,0.0,0.0,94.63726767
71589,1,83.16666667,0.577350269,866.7,866.7,1.2,0.632455532,0.444444444,0.0,94.84069361
71611,1,83.0,0.0,866.7,866.7,2.2,2.1499354,1.777777778,0.0,94.61972482
71632,1,83.0,0.0,866.7,866.7,7.0,15.65602475,12.88888889,0.0,94.67157713
71653,1,83.0,0.0,866.7,866.7,3.9,5.384133068,6.222222222,0.0,94.77506386
71675,1,83.0,0.0,866.7,866.7,1.222222222,0.666666667,0.5,10.0,94.73710919
71700,1,83.0,0.0,866.7,866.7,1.7,2.213594362,1.555555556,0.0,94.57161572
71722,1,83.0,0.0,866.7,866.7,1.5,0.971825316,0.777777778,0.0,94.54703157
71743,1,83.0,0.0,866.7,866.7,1.0,0.0,0.0,10.0,94.75962676
71768,1,83.0,0.0,866.7,866.7,2.111111111,2.420973174,2.5,10.0,94.60629073
71793,1,83.0,0.0,866.7,866.7,1.2,0.421637021,0.444444444,0.0,94.59551597
71815,1,83.33333333,0.651338947,866.7,866.7,1.222222222,0.666666667,0.5,10.0,94.57728952
71840,1,84.0,0.0,866.7,866.7,1.1,0.316227766,0.222222222,0.0,94.57676016
71861,1,84.0,0.0,866.7,866.7,1.888888889,1.691481928,1.375,10.0,94.72892929
71886,1,84.0,0.0,866.7,866.7,1.3,0.948683298,0.666666667,0.0,94.52579443
71908,1,84.0,0.0,866.7,866.7,6.2,7.786027371,8.222222222,0.0,94.57084978
71929,1,80.0,0.0,866.7,866.7,1.0,0.0,0.0,0.0,94.47951732
71951,1,80.0,0.0,866.7,866.7,2.5,4.403281605,3.333333333,0.0,94.67335734
71972,1,80.0,0.0,866.7,866.7,1.444444444,0.726483157,0.625,10.0,94.30067128
71997,1,80.0,0.0,866.7,866.7,2.0,2.645751311,2.0,10.0,94.54638758
72022,1,80.0,0.0,866.7,866.7,2.3,4.110960958,2.888888889,0.0,94.51957871
72044,1,80.0,0.0,866.7,866.7,1.25,0.707106781,0.571428571,20.0,94.76528557
72073,1,81.41666667,2.108783938,866.7,866.7,1.0,0.0,0.0,0.0,94.67236191
72094,1,84.0,0.0,866.7,866.7,2.4,4.427188724,3.111111111,0.0,94.42758581
72116,1,84.0,0.0,866.7,866.7,3.1,4.581363213,4.555555556,0.0,94.655451
28122,1,85.0,0.0,866.7,866.7,4.2,5.996295152,6.111111111,0.0,93.9061045
28143,1,84.08333333,0.288675135,866.7,866.7,14.9,20.05243127,17.55555556,0.0,93.20892461
28164,1,84.16666667,0.389249472,866.7,866.7,1.1,0.316227766,0.222222222,0.0,91.87312972
28186,1,84.07692308,0.277350098,866.7,866.7,1.0,0.0,0.0,0.0,90.77625535
28207,1,84.23076923,0.43852901,866.7,866.7,1.9,2.846049894,2.0,0.0,94.58175808
28229,1,84.0,0.0,866.7,866.7,1.2,0.632455532,0.444444444,0.0,94.7623993
28250,1,84.23076923,0.43852901,866.7,866.7,7.6,8.682037651,5.888888889,0.0,91.83611895
28271,1,84.23076923,0.43852901,866.7,866.7,1.2,0.632455532,0.444444444,0.0,93.2686552
28293,1,84.0,0.0,866.7,866.7,1.0,0.0,0.0,0.0,94.03123332
28314,1,84.23076923,0.43852901,866.7,866.7,1.1,0.316227766,0.222222222,0.0,93.19480016
28336,1,84.23076923,0.43852901,866.7,866.7,1.0,0.0,0.0,0.0,92.95918114
28357,1,84.69230769,0.480384461,866.7,866.7,1.0,0.0,0.0,0.0,92.97725344
28378,1,84.07692308,0.277350098,866.7,866.7,1.4,0.966091783,0.888888889,0.0,92.88997442
28400,1,84.0,0.0,866.7,866.7,1.0,0.0,0.0,0.0,93.22033942
28421,1,84.0,0.0,866.7,866.7,1.0,0.0,0.0,0.0,93.75272112
28442,1,84.30769231,0.480384461,866.7,866.7,1.0,0.0,0.0,0.0,93.77391135
28463,1,84.23076923,0.43852901,866.7,866.7,1.6,1.577621275,1.222222222,0.0,94.5912729
28485,1,84.07692308,0.277350098,866.7,866.7,1.0,0.0,0.0,0.0,94.16145566
28506,1,84.15384615,0.375533808,866.7,866.7,1.1,0.316227766,0.222222222,0.0,92.68347385
28528,1,84.23076923,0.43852901,866.7,866.7,1.0,0.0,0.0,0.0,93.8173033
28549,1,84.23076923,0.43852901,866.7,866.7,1.888888889,2.666666667,2.0,10.0,94.08223017
28575,1,84.23076923,0.43852901,866.7,866.7,1.0,0.0,0.0,0.0,93.40174041
28596,1,84.23076923,0.43852901,866.7,866.7,1.0,0.0,0.0,0.0,93.08156597
28618,1,84.15384615,0.375533808,866.7,866.7,1.0,0.0,0.0,0.0,93.42099358
28639,1,84.38461538,0.506369684,866.7,866.7,1.0,0.0,0.0,0.0,93.46997109
28661,1,84.23076923,0.43852901,866.7,866.7,1.2,0.632455532,0.444444444,0.0,94.31929472
28682,1,84.30769231,0.480384461,866.7,866.7,1.2,0.421637021,0.444444444,0.0,93.10206606
28704,1,84.15384615,0.375533808,866.7,866.7,1.0,0.0,0.0,0.0,94.76573036
28725,1,84.0,0.0,866.7,866.7,1.0,0.0,0.0,0.0,94.62560639
28747,1,84.30769231,0.480384461,866.7,866.7,1.2,0.632455532,0.444444444,0.0,91.43543403
32404,5,89.83333333,1.029857301,144.4,144.4,2.0,1.699673171,1.444444444,0.0,83.43772174
32425,5,90.0,0.0,144.4,144.4,2.4,1.646545205,1.666666667,0.0,94.32075588
32447,5,89.33333333,0.492365964,144.4,144.4,3.222222222,4.867693956,4.625,10.0,84.02930281
32472,5,89.91666667,0.288675135,144.4,144.4,2.6,2.951459149,2.888888889,0.0,91.98356734
32493,5,90.0,0.0,144.4,144.4,1.2,0.632455532,0.444444444,0.0,92.75424063
32514,5,89.33333333,0.984731928,144.4,144.4,2.0,1.658312395,1.5,10.0,83.63500729
32539,5,89.16666667,0.389249472,144.4,144.4,2.666666667,2.121320344,2.75,10.0,32.81384962
32564,5,87.75,1.356801051,144.4,144.4,3.111111111,3.370624736,3.125,10.0,76.42717366
32589,5,89.75,0.452267017,144.4,144.4,1.5,1.08012345,0.666666667,0.0,92.7866348
32610,5,90.0,0.0,144.4,144.4,3.2,4.66190233,4.0,0.0,93.37416067
32632,5,90.0,0.0,144.4,144.4,1.5,0.849836586,0.777777778,0.0,88.20549249
32653,5,90.0,0.0,144.4,144.4,10.5,16.4062996,11.0,0.0,91.75159665
32674,5,90.0,0.0,144.4,144.4,3.4,3.502380143,3.555555556,0.0,90.56599312
32696,5,90.0,0.0,144.4,144.4,2.2,1.686548085,2.222222222,0.0,90.76571903
32717,5,90.0,0.0,144.4,144.4,1.9,1.91195072,2.0,0.0,90.41695423
32738,5,90.0,0.0,144.4,144.4,2.3,1.766981104,1.666666667,0.0,68.32201484
32760,5,89.66666667,0.492365964,144.4,144.4,1.5,0.971825316,0.777777778,0.0,82.53693215
32781,5,89.91666667,0.288675135,144.4,144.4,1.9,1.286683938,0.888888889,0.0,88.19087565
32803,5,90.0,0.0,144.4,144.4,1.5,1.269295518,1.111111111,0.0,88.16111948
32824,5,90.0,0.0,144.4,144.4,1.6,1.0749677,1.333333333,0.0,88.17387721
32845,5,90.0,0.0,144.4,144.4,2.2,2.573367875,2.333333333,0.0,85.28264513
32867,5,90.0,0.0,144.4,144.4,1.4,0.699205899,0.444444444,0.0,94.20287734
32889,5,90.0,0.0,144.4,144.4,1.3,0.483045892,0.111111111,0.0,89.89285914
32910,5,90.0,0.0,144.4,144.4,1.2,0.632455532,0.444444444,0.0,90.56314466
32931,5,90.0,0.0,144.4,144.4,1.8,1.619327707,1.222222222,0.0,89.53042164
32953,5,90.0,0.0,144.4,144.4,1.7,0.948683298,0.888888889,0.0,89.14662329
32974,5,90.0,0.0,144.4,144.4,2.4,2.270584849,2.333333333,0.0,92.42510325
32996,5,90.0,0.0,144.4,144.4,5.1,5.915140648,7.333333333,0.0,89.38027838
33017,5,90.0,0.0,144.4,144.4,11.8,33.45577512,12.22222222,0.0,92.21425078
33039,5,89.75,0.452267017,144.4,144.4,11.2,24.18355732,18.33333333,0.0,92.43322292
33076,15,33.25,4.515126093,13.375,34.75,1309.428571,1365.15089,1428.0,20.0,0.104726995
33140,15,39.0,2.860387768,1.083333333,13.54166667,952.1111111,928.6345412,768.75,0.0,0.104817843
33156,15,35.25,1.356801051,1.0,6.5,,,,,0.0
33209,15,38.5,2.8123106,1.916666667,22.20833333,1032.25,929.0304854,579.7142857,20.0,0.104811483
33231,15,35.5,2.50454133,1.333333333,9.208333333,605.4,342.1741597,466.1111111,0.0,0.104850764
33246,15,33.75,1.356801051,1.0,8.125,408.9,592.9269114,522.7777778,0.0,0.104801741
33261,15,35.25,1.356801051,1.0,6.5,358.9,343.4887836,385.6666667,0.0,0.104768662
33276,15,39.75,1.356801051,1.0,11.91666667,53.8,33.30265255,33.88888889,0.0,0.0
33291,15,37.0,2.335496832,1.0,6.5,208.4444444,330.2223157,141.25,10.0,0.10473732
33306,15,39.0,0.0,1.5,10.83333333,116.7,143.1052837,187.1111111,0.0,0.0
33321,15,37.0,2.954195784,1.791666667,7.583333333,391.8,634.2251265,281.7777778,0.0,0.104760079
33337,15,35.0,2.335496832,1.0,6.5,511.3,410.8460241,473.6666667,0.0,0.104845218
33352,15,35.75,2.701009912,1.0,6.5,569.4,300.9020512,166.8888889,0.0,0.104749436
33367,15,36.0,0.0,1.0,6.5,1387.8,1078.562809,1053.777778,0.0,0.0
33385,15,39.5,1.732050808,1.0,6.5,426.5,233.2605839,232.3333333,0.0,0.104824056
33400,15,37.5,2.393172106,1.0,6.5,383.1,304.0509643,390.1111111,0.0,0.104727696
33415,15,35.25,1.356801051,1.0,6.5,1577.1,1092.544375,1182.0,0.0,0.104818492
33436,15,34.0,1.477097892,1.0,10.29166667,290.5,315.4299535,262.2222222,0.0,0.105660079
33451,15,32.0,3.21926022,1.0,13.0,300.0,270.4366839,228.7777778,0.0,0.209592253
33466,15,31.75,5.344921124,1.0,10.29166667,,,,,0.0
33506,15,33.75,1.356801051,1.083333333,6.5,674.3,648.3560493,632.1111111,0.0,0.0
33521,15,29.25,3.646293261,1.0,6.5,729.9,804.5869126,1018.0,0.0,0.0
33536,15,33.75,1.356801051,1.0,6.5,202.0,188.1488772,192.25,10.0,0.0
33552,15,33.5,1.167748416,1.0,6.5,647.9,490.0996384,668.0,0.0,0.104793016
33584,15,33.25,2.00567377,1.0,6.5,122.3,105.9392384,139.3333333,0.0,0.0
33608,15,34.75,1.544785952,1.0,6.5,459.9,542.296649,450.7777778,0.0,0.104711005
33645,15,34.0,1.477097892,1.0,7.041666667,576.7,358.2249604,375.1111111,0.0,0.0
33671,15,34.0,1.477097892,1.0,6.5,485.7,481.1562578,464.8888889,0.0,0.104700842
33701,15,33.5,2.50454133,1.0,7.583333333,192.4,173.6332022,253.4444444,0.0,0.0
33730,15,33.25,0.866025404,1.0,6.5,340.1,256.8793275,287.5555556,0.0,0.0
