observation_id,timestamp,session_id,location_id,time_of_day,signal_mean,signal_std,rx_link_rate_mean,tx_link_rate_mean,rtt_mean_ms,rtt_std_ms,jitter_ms,packet_loss_pct,throughput_down_mbps
O001,2026-09-05T16:15:15,D5_1_AFTERNOON,1,afternoon,79.41666667,0.514928651,866.7,866.7,1.1,0.316227766,0.222222222,0,94.40261043
O002,2026-09-05T16:15:36,D5_1_AFTERNOON,1,afternoon,80,0,866.7,866.7,1.8,2.529822128,0.888888889,0,94.36514951
O003,2026-09-05T16:15:57,D5_1_AFTERNOON,1,afternoon,80,0,866.7,866.7,2.666666667,4.636809248,1.75,10,94.67287251
O004,2026-09-05T16:16:23,D5_1_AFTERNOON,1,afternoon,80,0,866.7,866.7,1.555555556,1.333333333,1.125,10,93.96842006
O005,2026-09-05T16:16:48,D5_1_AFTERNOON,1,afternoon,81,0,866.7,866.7,3.8,4.732863826,4.222222222,0,94.64788165
O006,2026-09-05T16:17:09,D5_1_AFTERNOON,1,afternoon,81,0,866.7,866.7,3.2,4.962078418,4.888888889,0,94.71666209
O007,2026-09-05T16:17:31,D5_1_AFTERNOON,1,afternoon,81,0,866.7,866.7,2.5,4.403281605,1.777777778,0,94.67115164
O008,2026-09-05T16:17:52,D5_1_AFTERNOON,1,afternoon,80.25,0.621581561,866.7,866.7,1.7,0.823272602,0.888888889,0,94.70516446
O009,2026-09-05T16:18:13,D5_1_AFTERNOON,1,afternoon,82,0,866.7,866.7,1.1,0.316227766,0.222222222,0,94.70400066
O010,2026-09-05T16:18:35,D5_1_AFTERNOON,1,afternoon,82,0,866.7,866.7,3.111111111,5.011098793,2.875,10,94.660561
O011,2026-09-05T16:19:00,D5_1_AFTERNOON,1,afternoon,82,0,866.7,866.7,2.8,3.583914682,3.888888889,0,94.69858889
O012,2026-09-05T16:19:22,D5_1_AFTERNOON,1,afternoon,79.91666667,0.288675135,866.7,866.7,1.1,0.316227766,0.222222222,0,94.71348222
O013,2026-09-05T16:19:43,D5_1_AFTERNOON,1,afternoon,80,0,866.7,866.7,1,0,0,0,94.54600253
O014,2026-09-05T16:20:05,D5_1_AFTERNOON,1,afternoon,79.83333333,0.389249472,866.7,866.7,1.888888889,0.927960727,1,10,94.57405882
O015,2026-09-05T16:20:30,D5_1_AFTERNOON,1,afternoon,79.91666667,0.288675135,866.7,866.7,3,2.160246899,2.666666667,0,94.67286305
O016,2026-09-05T16:20:51,D5_1_AFTERNOON,1,afternoon,80,0,866.7,866.7,2.8,4.685675571,3.555555556,0,94.69782259
O017,2026-09-05T16:21:13,D5_1_AFTERNOON,1,afternoon,79.83333333,0.389249472,866.7,866.7,1.888888889,1.364225462,1.5,10,94.61431669
O018,2026-09-05T16:21:38,D5_1_AFTERNOON,1,afternoon,80,0,866.7,866.7,1,0,0,10,94.34447067
O019,2026-09-05T16:22:03,D5_1_AFTERNOON,1,afternoon,80,0,866.7,866.7,2.2,2.898275349,2.333333333,0,94.62024486
O020,2026-09-05T16:22:24,D5_1_AFTERNOON,1,afternoon,80.08333333,0.900336637,866.7,866.7,3.2,5.613475849,4.888888889,0,94.68573368
O021,2026-09-05T16:22:46,D5_1_AFTERNOON,1,afternoon,80.5,0.797724035,866.7,866.7,3.1,4.629614815,3.666666667,0,94.54324628
O022,2026-09-05T16:23:07,D5_1_AFTERNOON,1,afternoon,80.16666667,0.577350269,866.7,866.7,3.1,4.581363213,4.666666667,0,94.59234072
O023,2026-09-05T16:23:28,D5_1_AFTERNOON,1,afternoon,79,0.426401433,866.7,866.7,1.7,1.059349905,1.111111111,0,94.57615592
O024,2026-09-05T16:23:50,D5_1_AFTERNOON,1,afternoon,79.58333333,0.514928651,866.7,866.7,2.2,2.201009869,1.666666667,0,94.6743003
O025,2026-09-05T16:24:11,D5_1_AFTERNOON,1,afternoon,79.91666667,0.288675135,866.7,866.7,1.625,1.060660172,1.428571429,20,94.68859009
O026,2026-09-05T16:24:40,D5_1_AFTERNOON,1,afternoon,79.58333333,0.514928651,866.7,866.7,1.2,0.421637021,0.333333333,0,94.72043846
O027,2026-09-05T16:25:02,D5_1_AFTERNOON,1,afternoon,79.83333333,0.389249472,866.7,866.7,3.1,4.483302354,3.888888889,0,94.54077031
O028,2026-09-05T16:25:23,D5_1_AFTERNOON,1,afternoon,79.66666667,0.492365964,866.7,866.7,1.1,0.316227766,0.111111111,0,94.61402361
O029,2026-09-05T16:25:45,D5_1_AFTERNOON,1,afternoon,79.33333333,0.651338947,866.7,866.7,1.6,0.843274043,1,0,94.57853652
O030,2026-09-05T16:26:06,D5_1_AFTERNOON,1,afternoon,79.83333333,0.389249472,866.7,866.7,1.222222222,0.666666667,0.5,10,94.63016463
O001,2026-09-05T18:25:44,D5_2_AFTERNOON,2,afternoon,25.75,2.378884383,1,8.125,298.5,257.8428677,267.3333333,0,0.104759085
O002,2026-09-05T18:26:16,D5_2_AFTERNOON,2,afternoon,25.25,1.544785952,1,11.375,101.1,103.1820936,107.4444444,0,0.104788911
O003,2026-09-05T18:26:46,D5_2_AFTERNOON,2,afternoon,25,1.477097892,1,7.583333333,123.9,128.0377115,154,0,0.104820588
O004,2026-09-05T18:27:13,D5_2_AFTERNOON,2,afternoon,24.25,0.866025404,1,6.5,278.9,299.8341949,416,0,0.104768714
O005,2026-09-05T18:27:38,D5_2_AFTERNOON,2,afternoon,24.5,1.167748416,1,6.5,129.6,124.0745296,173.5555556,0,0.10484786
O006,2026-09-05T18:28:09,D5_2_AFTERNOON,2,afternoon,25,1.477097892,1,8.666666667,195.6,127.7307933,138.4444444,0,0.104720312
O007,2026-09-05T18:28:41,D5_2_AFTERNOON,2,afternoon,24.75,1.356801051,1,6.5,378.3,573.3064044,594.4444444,0,0.104699713
O008,2026-09-05T18:29:10,D5_2_AFTERNOON,2,afternoon,24.25,0.866025404,1,6.5,139.3,175.7896786,160.4444444,0,0.10483135
O009,2026-09-05T18:29:34,D5_2_AFTERNOON,2,afternoon,25.5,1.566698904,1.083333333,7.041666667,184.4,140.9572039,179.5555556,0,0.104831141
O010,2026-09-05T18:29:59,D5_2_AFTERNOON,2,afternoon,24.25,0.866025404,1,8.125,297,245.5651079,295.1111111,0,0
O011,2026-09-05T18:30:23,D5_2_AFTERNOON,2,afternoon,24.25,0.866025404,1,9.75,200.1,104.8792427,133.8888889,0,0
O012,2026-09-05T18:30:48,D5_2_AFTERNOON,2,afternoon,24,0,1,12.45833333,161.5,140.5159145,143.4444444,0,0
O013,2026-09-05T18:31:11,D5_2_AFTERNOON,2,afternoon,24.25,0.866025404,1,10.29166667,159.2,206.8562571,211.7777778,0,0
O014,2026-09-05T18:31:39,D5_2_AFTERNOON,2,afternoon,24,0,1,6.5,224.8,344.673372,394,0,0.104737864
O015,2026-09-05T18:32:07,D5_2_AFTERNOON,2,afternoon,24,0,1,10.83333333,143.4,134.3744354,82.66666667,0,0.104833415
O016,2026-09-05T18:32:33,D5_2_AFTERNOON,2,afternoon,24,0,1,11.375,80.9,89.63809954,84,0,0
O017,2026-09-05T18:32:56,D5_2_AFTERNOON,2,afternoon,23.25,1.864744682,1,10.83333333,220.1,239.7936381,281,0,0
O018,2026-09-05T18:33:20,D5_2_AFTERNOON,2,afternoon,23.5,2.153221688,1,10.83333333,202.9,285.3704999,217.3333333,0,0
O019,2026-09-05T18:33:46,D5_2_AFTERNOON,2,afternoon,24,0,1,14.625,208.2,348.6624601,301.1111111,0,0
O020,2026-09-05T18:34:21,D5_2_AFTERNOON,2,afternoon,24.5,1.167748416,1.083333333,6.5,241.5,271.2425114,203,0,0.104828919
O021,2026-09-05T18:34:55,D5_2_AFTERNOON,2,afternoon,24,0,1,8.666666667,201.2,228.2400296,197.7777778,0,0
O022,2026-09-05T18:35:19,D5_2_AFTERNOON,2,afternoon,23.75,1.544785952,1,7.583333333,265.6,321.2113185,355.7777778,0,0
O023,2026-09-05T18:35:44,D5_2_AFTERNOON,2,afternoon,21,0,1,7.041666667,136.7,145.5694183,122.5555556,0,0
O024,2026-09-05T18:36:10,D5_2_AFTERNOON,2,afternoon,21,0,1,6.5,128.9,85.11097331,111.7777778,0,0
O025,2026-09-05T18:36:36,D5_2_AFTERNOON,2,afternoon,21,0,1,7.041666667,144.7,185.3321643,148.6666667,0,0
O026,2026-09-05T18:36:59,D5_2_AFTERNOON,2,afternoon,21,0,1,7.041666667,268.3,308.9502117,335.8888889,0,0
O027,2026-09-05T18:37:21,D5_2_AFTERNOON,2,afternoon,21,0,1,6.5,101.5,109.5336072,137.3333333,0,0
O028,2026-09-05T18:37:52,D5_2_AFTERNOON,2,afternoon,21,0,1,6.5,144.1,220.6910611,219.4444444,0,0
O029,2026-09-05T18:38:16,D5_2_AFTERNOON,2,afternoon,21,0,1,7.041666667,124.7,90.95181875,123,0,0
O030,2026-09-05T18:38:40,D5_2_AFTERNOON,2,afternoon,24,0,1,6.5,162.7,203.5993069,215,0,0
O001,2026-09-05T18:55:53,D5_3_AFTERNOON,3,afternoon,95,0,144.4,144.4,1.7,1.33749351,1,0,88.61765082
O002,2026-09-05T18:56:14,D5_3_AFTERNOON,3,afternoon,94.33333333,0.651338947,144.4,144.4,2,1.699673171,2,0,59.74207353
O003,2026-09-05T18:56:36,D5_3_AFTERNOON,3,afternoon,89.75,0.452267017,144.4,144.4,1.1,0.316227766,0.222222222,0,77.66750589
O004,2026-09-05T18:56:57,D5_3_AFTERNOON,3,afternoon,89.83333333,0.389249472,144.4,144.4,1.9,1.100504935,0.666666667,0,91.85874907
O005,2026-09-05T18:57:19,D5_3_AFTERNOON,3,afternoon,90.75,1.138180366,144.4,144.4,4,3.354101966,3.375,10,94.25292109
O006,2026-09-05T18:57:44,D5_3_AFTERNOON,3,afternoon,90,0,144.4,144.4,3.9,4.254409477,4,0,86.37440933
O007,2026-09-05T18:58:05,D5_3_AFTERNOON,3,afternoon,90,0,144.4,144.4,3.5,4.326918329,4.888888889,0,90.68665781
O008,2026-09-05T18:58:27,D5_3_AFTERNOON,3,afternoon,89.83333333,0.389249472,144.4,144.4,1.6,1.0749677,1,0,93.31641458
O009,2026-09-05T18:58:48,D5_3_AFTERNOON,3,afternoon,92.91666667,1.975225342,144.4,144.4,3.7,4.854551129,4.111111111,0,83.7905755
O010,2026-09-05T18:59:09,D5_3_AFTERNOON,3,afternoon,92.91666667,1.164500153,144.4,144.4,4.4,4.599516883,5,0,84.91674706
O011,2026-09-05T18:59:31,D5_3_AFTERNOON,3,afternoon,92,0,144.4,144.4,3.8,4.638007235,3.555555556,0,82.86768952
O012,2026-09-05T18:59:52,D5_3_AFTERNOON,3,afternoon,91.25,1.356801051,144.4,144.4,2.4,2.796823595,1.888888889,0,91.97810867
O013,2026-09-05T19:00:14,D5_3_AFTERNOON,3,afternoon,92,0,144.4,144.4,2,1.885618083,1.444444444,0,79.28076608
O014,2026-09-05T19:00:35,D5_3_AFTERNOON,3,afternoon,89,0,144.4,144.4,3,5.656854249,4,0,75.48171142
O015,2026-09-05T19:00:57,D5_3_AFTERNOON,3,afternoon,89.91666667,0.288675135,144.4,144.4,2.9,4.357624225,3.888888889,0,52.08656403
O016,2026-09-05T19:01:18,D5_3_AFTERNOON,3,afternoon,90,0,144.4,144.4,1.222222222,0.440958552,0.375,10,80.18304462
O017,2026-09-05T19:01:43,D5_3_AFTERNOON,3,afternoon,90,0,144.4,144.4,3.7,4.473378042,3.444444444,0,54.1429966
O018,2026-09-05T19:02:05,D5_3_AFTERNOON,3,afternoon,90,0,144.4,144.4,2.1,1.523883927,1.555555556,0,77.12691986
O019,2026-09-05T19:02:26,D5_3_AFTERNOON,3,afternoon,90,0,144.4,144.4,2.1,2.806737925,2.111111111,0,72.93411695
O020,2026-09-05T19:02:48,D5_3_AFTERNOON,3,afternoon,90,0,144.4,144.4,3.7,4.137900702,4,0,53.75781259
O021,2026-09-05T19:03:09,D5_3_AFTERNOON,3,afternoon,90,0,144.4,144.4,2.444444444,1.810463415,2.25,10,74.42451453
O022,2026-09-05T19:03:34,D5_3_AFTERNOON,3,afternoon,90,0,144.4,144.4,2.6,2.796823595,3.111111111,0,77.83101554
O023,2026-09-05T19:03:55,D5_3_AFTERNOON,3,afternoon,90,0,144.4,144.4,1.2,0.632455532,0.444444444,0,77.21574593
O024,2026-09-05T19:04:17,D5_3_AFTERNOON,3,afternoon,90,0,144.4,144.4,2.444444444,1.589898669,2.25,10,69.7623367
O025,2026-09-05T19:04:42,D5_3_AFTERNOON,3,afternoon,90,0,144.4,144.4,3.75,3.284161124,3.571428571,20,41.16385535
O026,2026-09-05T19:05:11,D5_3_AFTERNOON,3,afternoon,90,0,144.4,144.4,1.3,0.674948558,0.444444444,0,79.93211584
O027,2026-09-05T19:05:33,D5_3_AFTERNOON,3,afternoon,90,0,144.4,144.4,3.888888889,6.470016315,5.625,10,75.81922449
O028,2026-09-05T19:05:58,D5_3_AFTERNOON,3,afternoon,90,0,144.4,144.4,2.222222222,2.386303511,2.625,10,81.04512644
O029,2026-09-05T19:06:23,D5_3_AFTERNOON,3,afternoon,90,0,144.4,144.4,2.1,1.728840331,2.222222222,0,81.85758817
O030,2026-09-05T19:06:44,D5_3_AFTERNOON,3,afternoon,90,0,144.4,144.4,1.6,0.966091783,0.777777778,0,70.84507036
O001,2026-09-06T13:01:33,D6_3_AFTERNOON,3,afternoon,85.75,2.261335084,144.4,144.4,1.6,0.699205899,0.666666667,0,74.66408344
O002,2026-09-06T13:01:54,D6_3_AFTERNOON,3,afternoon,85,0,144.4,144.4,1.9,1.286683938,1.444444444,0,71.4808312
O003,2026-09-06T13:02:16,D6_3_AFTERNOON,3,afternoon,85,0.426401433,144.4,144.4,1.3,0.674948558,0.666666667,0,69.68622746
O004,2026-09-06T13:02:37,D6_3_AFTERNOON,3,afternoon,85.41666667,0.900336637,144.4,144.4,1.2,0.421637021,0.333333333,0,56.15927408
O005,2026-09-06T13:02:59,D6_3_AFTERNOON,3,afternoon,85.58333333,0.792961461,144.4,144.4,1.888888889,1.054092553,1.125,10,77.4550433
O006,2026-09-06T13:03:24,D6_3_AFTERNOON,3,afternoon,86,0,144.4,144.4,1.2,0.421637021,0.222222222,0,80.51673156
O007,2026-09-06T13:03:45,D6_3_AFTERNOON,3,afternoon,86,0,144.4,144.4,1.3,0.483045892,0.555555556,0,75.92561539
O008,2026-09-06T13:04:06,D6_3_AFTERNOON,3,afternoon,85.66666667,0.651338947,144.4,144.4,2.4,2.221110833,2.222222222,0,75.88896008
O009,2026-09-06T13:04:28,D6_3_AFTERNOON,3,afternoon,85,0,144.4,144.4,3.3,4.448470399,4.888888889,0,66.73033018
O010,2026-09-06T13:04:49,D6_3_AFTERNOON,3,afternoon,86.33333333,3.025147129,144.4,144.4,18.1,44.48083233,16.55555556,0,7.649728863
O011,2026-09-06T13:05:11,D6_3_AFTERNOON,3,afternoon,82.83333333,1.585922922,144.4,144.4,19.6,27.56487298,26.22222222,0,22.72624137
O012,2026-09-06T13:05:33,D6_3_AFTERNOON,3,afternoon,84.75,1.356801051,144.4,144.4,3.3,4.448470399,4.222222222,0,32.38331711
O013,2026-09-06T13:05:54,D6_3_AFTERNOON,3,afternoon,84.83333333,0.937436867,144.4,144.4,9.333333333,14.73940297,9.125,10,26.70907832
O014,2026-09-06T13:06:20,D6_3_AFTERNOON,3,afternoon,84.25,1.055289706,144.4,144.4,3.2,4.315347289,4.222222222,0,26.92738907
O015,2026-09-06T13:06:41,D6_3_AFTERNOON,3,afternoon,84.16666667,1.029857301,144.4,144.4,3.1,4.605552205,4.111111111,0,30.06156551
O016,2026-09-06T13:07:03,D6_3_AFTERNOON,3,afternoon,85,0,144.4,144.4,11,14.36043949,15.55555556,0,20.02036604
O017,2026-09-06T13:07:24,D6_3_AFTERNOON,3,afternoon,85.58333333,0.668557923,144.4,144.4,20.8,28.62322289,24.33333333,0,28.05902154
O018,2026-09-06T13:07:46,D6_3_AFTERNOON,3,afternoon,84.25,1.215431087,144.4,144.4,3.6,4.671426144,3.333333333,0,33.21096234
O019,2026-09-06T13:08:07,D6_3_AFTERNOON,3,afternoon,84.25,0.753778361,144.4,144.4,7.2,10.45413262,7.444444444,0,32.49612666
O020,2026-09-06T13:08:28,D6_3_AFTERNOON,3,afternoon,84.16666667,0.389249472,144.4,144.4,5,5.055250296,4.888888889,0,25.6525541
O021,2026-09-06T13:08:50,D6_3_AFTERNOON,3,afternoon,84.41666667,0.99620492,144.4,144.4,5.4,7.321202087,3.777777778,0,27.76586207
O022,2026-09-06T13:09:11,D6_3_AFTERNOON,3,afternoon,84.83333333,0.389249472,144.4,144.4,5.8,6.373556481,6.777777778,0,18.11892106
O023,2026-09-06T13:09:32,D6_3_AFTERNOON,3,afternoon,85.16666667,1.029857301,144.4,144.4,10.8,10.80946088,8.111111111,0,13.7188294
O024,2026-09-06T13:09:54,D6_3_AFTERNOON,3,afternoon,83.91666667,1.781640375,144.4,144.4,9.3,11.41198201,7.777777778,0,10.57871549
O025,2026-09-06T13:10:16,D6_3_AFTERNOON,3,afternoon,84.75,0.452267017,144.4,144.4,13.7,16.99052023,21.66666667,0,22.53743346
O026,2026-09-06T13:10:37,D6_3_AFTERNOON,3,afternoon,84.25,0.452267017,144.4,144.4,1.6,0.966091783,0.777777778,0,29.11137445
O027,2026-09-06T13:10:59,D6_3_AFTERNOON,3,afternoon,84.58333333,0.514928651,144.4,144.4,8.555555556,12.59078146,10.875,10,30.79145254
O028,2026-09-06T13:11:24,D6_3_AFTERNOON,3,afternoon,83.66666667,0.887625365,144.4,144.4,6.888888889,8.022537698,7.25,10,30.48333433
O029,2026-09-06T13:11:49,D6_3_AFTERNOON,3,afternoon,84.41666667,0.514928651,144.4,144.4,10.6,27.61320135,20.22222222,0,28.80342175
O030,2026-09-06T13:12:10,D6_3_AFTERNOON,3,afternoon,84.91666667,0.288675135,144.4,144.4,4.1,4.629614815,5.222222222,0,29.44064702
O001,2026-09-06T13:21:32,D6_2_AFTERNOON,2,afternoon,43.25,10.88890177,9.666666667,17.875,23,25.88435821,20.55555556,0,0
O002,2026-09-06T13:22:13,D6_2_AFTERNOON,2,afternoon,36.25,2.00567377,1,6.5,780.5555556,1112.911734,995.5,10,0
O003,2026-09-06T13:22:59,D6_2_AFTERNOON,2,afternoon,34.75,1.544785952,1,6.5,336.2,449.3159739,379.4444444,0,0
O004,2026-09-06T13:23:42,D6_2_AFTERNOON,2,afternoon,34.25,2.378884383,1,11.375,232.2,518.2879509,429.3333333,0,0.104778314
O005,2026-09-06T13:24:25,D6_2_AFTERNOON,2,afternoon,33.5,2.8123106,1,8.125,65,90.46669123,108.7777778,0,0
O006,2026-09-06T13:25:03,D6_2_AFTERNOON,2,afternoon,35,2.335496832,1.083333333,6.5,406.9,467.6105811,598.2222222,0,0.209505087
O007,2026-09-06T13:25:33,D6_2_AFTERNOON,2,afternoon,36,0,1.083333333,6.5,541,606.057753,670.1111111,0,0.20948326
O008,2026-09-06T13:26:05,D6_2_AFTERNOON,2,afternoon,36,2.558408596,1,6.5,21.2,18.70115861,27.44444444,0,0
O009,2026-09-06T13:26:56,D6_2_AFTERNOON,2,afternoon,34.25,1.544785952,1,6.5,263,342.5833232,355.2222222,0,0
O010,2026-09-06T13:27:48,D6_2_AFTERNOON,2,afternoon,33,1.279204298,1,6.5,1248.7,851.7581882,629.3333333,0,0
O011,2026-09-06T13:28:44,D6_2_AFTERNOON,2,afternoon,31.5,3.503245249,1,8.666666667,1179.333333,974.0917565,1120.625,0,0
O012,2026-09-06T13:29:33,D6_2_AFTERNOON,2,afternoon,28.5,1.566698904,1,6.5,1001.5,869.8143161,606.5555556,0,0.105773314
O013,2026-09-06T13:30:11,D6_2_AFTERNOON,2,afternoon,28.75,1.544785952,1,6.5,199.7,348.8587903,334.7777778,0,0
O014,2026-09-06T13:30:50,D6_2_AFTERNOON,2,afternoon,29,2.954195784,1,6.5,727.6666667,989.851504,508.75,10,0
O015,2026-09-06T13:31:44,D6_2_AFTERNOON,2,afternoon,29,1.954016842,1,6.5,455.1,303.2353138,436.3333333,0,0
O016,2026-09-06T13:32:20,D6_2_AFTERNOON,2,afternoon,29,1.954016842,1,6.5,992.6,1139.130975,882.5555556,0,0
O017,2026-09-06T13:33:04,D6_2_AFTERNOON,2,afternoon,28.5,1.566698904,1,6.5,272.7777778,281.2257891,269.75,10,0
O018,2026-09-06T13:33:43,D6_2_AFTERNOON,2,afternoon,32,2.954195784,1,6.5,718,930.7703798,827.875,10,0
O019,2026-09-06T13:34:28,D6_2_AFTERNOON,2,afternoon,32,2.335496832,1,7.041666667,449.1,531.2554209,661.5555556,0,0
O020,2026-09-06T13:35:09,D6_2_AFTERNOON,2,afternoon,30.5,1.732050808,1,8.125,338.2,541.4459653,333.4444444,0,0.104847923
O021,2026-09-06T13:35:47,D6_2_AFTERNOON,2,afternoon,33,0,1,7.041666667,624.5,664.2083425,779.2222222,0,0
O022,2026-09-06T13:36:26,D6_2_AFTERNOON,2,afternoon,30,0,1.083333333,6.5,412.8,663.6605223,438.2222222,0,0.209523653
O023,2026-09-06T13:36:55,D6_2_AFTERNOON,2,afternoon,31.75,2.00567377,1.25,6.5,89.6,178.4122567,104.8888889,0,0
O024,2026-09-06T13:37:35,D6_2_AFTERNOON,2,afternoon,30,2.860387768,1,6.5,622.1,860.5968794,442.5555556,0,1.572752964
O025,2026-09-06T13:38:04,D6_2_AFTERNOON,2,afternoon,41,4.670993665,5.25,7.041666667,3.1,3.695342414,3.222222222,0,0
O026,2026-09-06T13:38:42,D6_2_AFTERNOON,2,afternoon,50.5,1.167748416,1,6.5,918.5,978.5914197,847.7777778,0,0
O027,2026-09-06T13:39:17,D6_2_AFTERNOON,2,afternoon,50.5,1.732050808,1.083333333,6.5,879.5,895.4887244,871.8888889,0,0.209389286
O028,2026-09-06T13:39:49,D6_2_AFTERNOON,2,afternoon,49.5,1.566698904,2.708333333,6.5,361.4,551.6766766,333.8888889,0,0.418837452
O029,2026-09-06T13:40:28,D6_2_AFTERNOON,2,afternoon,50.75,0.866025404,1,6.5,656.2,613.9976113,629,0,0.314435392
O030,2026-09-06T13:40:53,D6_2_AFTERNOON,2,afternoon,48.75,1.356801051,8.891666667,8.291666667,43.4,85.32578092,87,0,4.823384967
O001,2026-09-06T13:48:55,D6_1_AFTERNOON,1,afternoon,83.66666667,0.651338947,866.7,866.7,1.1,0.316227766,0.222222222,0,90.24175774
O002,2026-09-06T13:49:16,D6_1_AFTERNOON,1,afternoon,83,0,866.7,866.7,1.2,0.632455532,0.444444444,0,94.04674825
O003,2026-09-06T13:49:37,D6_1_AFTERNOON,1,afternoon,84.61538462,0.506369684,866.7,866.7,1,0,0,0,92.9982475
O004,2026-09-06T13:49:58,D6_1_AFTERNOON,1,afternoon,84.25,0.452267017,866.7,866.7,2.4,2.796823595,2.444444444,0,94.35364158
O005,2026-09-06T13:50:20,D6_1_AFTERNOON,1,afternoon,84.08333333,0.288675135,866.7,866.7,1.4,1.264911064,0.888888889,0,88.30466528
O006,2026-09-06T13:50:41,D6_1_AFTERNOON,1,afternoon,84.08333333,0.288675135,866.7,866.7,1,0,0,0,92.77659977
O007,2026-09-06T13:51:03,D6_1_AFTERNOON,1,afternoon,84.08333333,0.288675135,866.7,866.7,1,0,0,0,93.0708758
O008,2026-09-06T13:51:24,D6_1_AFTERNOON,1,afternoon,84.16666667,0.717740563,866.7,866.7,1,0,0,0,93.44461797
O009,2026-09-06T13:51:45,D6_1_AFTERNOON,1,afternoon,84.25,0.452267017,866.7,866.7,1,0,0,0,94.13811673
O010,2026-09-06T13:52:07,D6_1_AFTERNOON,1,afternoon,84.25,0.753778361,866.7,866.7,1,0,0,0,93.95639561
O011,2026-09-06T13:52:28,D6_1_AFTERNOON,1,afternoon,83.58333333,0.668557923,866.7,866.7,1,0,0,0,93.95935216
O012,2026-09-06T13:52:49,D6_1_AFTERNOON,1,afternoon,84,0,866.7,866.7,1.5,1.58113883,1.111111111,0,92.97916601
O013,2026-09-06T13:53:11,D6_1_AFTERNOON,1,afternoon,84.53846154,0.518874522,866.7,866.7,1.2,0.632455532,0.222222222,0,92.64622956
O014,2026-09-06T13:53:33,D6_1_AFTERNOON,1,afternoon,84.66666667,0.492365964,866.7,866.7,1,0,0,0,89.20160801
O015,2026-09-06T13:53:54,D6_1_AFTERNOON,1,afternoon,84.58333333,0.514928651,866.7,866.7,1,0,0,0,92.98725764
O016,2026-09-06T13:54:16,D6_1_AFTERNOON,1,afternoon,84.75,0.452267017,866.7,866.7,2.333333333,3.278719262,1.5,10,94.18772343
O017,2026-09-06T13:54:41,D6_1_AFTERNOON,1,afternoon,84.41666667,0.514928651,866.7,866.7,1.1,0.316227766,0.222222222,0,94.64958943
O018,2026-09-06T13:55:02,D6_1_AFTERNOON,1,afternoon,84,0,866.7,866.7,1,0,0,0,88.89921581
O019,2026-09-06T13:55:24,D6_1_AFTERNOON,1,afternoon,84.08333333,0.288675135,866.7,866.7,1,0,0,0,93.13842843
O020,2026-09-06T13:55:45,D6_1_AFTERNOON,1,afternoon,84.5,0.522232968,866.7,866.7,1.2,0.632455532,0.222222222,0,90.67155783
O021,2026-09-06T13:56:07,D6_1_AFTERNOON,1,afternoon,84,0,866.7,866.7,3.1,4.357624225,4,0,94.11532125
O022,2026-09-06T13:56:28,D6_1_AFTERNOON,1,afternoon,84.08333333,1.378954369,866.7,866.7,1.1,0.316227766,0.222222222,0,93.41770176
O023,2026-09-06T13:56:49,D6_1_AFTERNOON,1,afternoon,81.83333333,1.337115847,866.7,866.7,1.222222222,0.666666667,0.5,10,93.77762203
O024,2026-09-06T13:57:14,D6_1_AFTERNOON,1,afternoon,84.41666667,0.514928651,866.7,866.7,4.4,5.680375574,3.111111111,0,93.3348987
O025,2026-09-06T13:57:36,D6_1_AFTERNOON,1,afternoon,84.91666667,0.288675135,866.7,866.7,1.6,1.577621275,1.111111111,0,86.69179983
O026,2026-09-06T13:57:57,D6_1_AFTERNOON,1,afternoon,85,0,866.7,866.7,1.1,0.316227766,0.222222222,0,93.21796828
O027,2026-09-06T13:58:19,D6_1_AFTERNOON,1,afternoon,82.41666667,0.900336637,866.7,866.7,1.4,1.264911064,0.888888889,0,93.3405122
O028,2026-09-06T13:58:40,D6_1_AFTERNOON,1,afternoon,83,0,866.7,866.7,2.5,2.273030283,2.333333333,0,92.19998757
O029,2026-09-06T13:59:01,D6_1_AFTERNOON,1,afternoon,83,0,866.7,866.7,3.2,4.917090377,4.333333333,0,94.76166686
O030,2026-09-06T13:59:23,D6_1_AFTERNOON,1,afternoon,83,0,866.7,866.7,3.7,5.457919832,3.111111111,0,94.60269887
O001,2026-09-06T18:53:57,D6_2_AFTERNOON,2,afternoon,31.25,5.495866215,1,9.75,1132.9,862.461136,804.5555556,0,0
O002,2026-09-06T18:54:24,D6_2_AFTERNOON,2,afternoon,34.5,2.393172106,1,6.5,428.1,466.2141735,632.6666667,0,0.209592253
O003,2026-09-06T18:54:56,D6_2_AFTERNOON,2,afternoon,33.5,1.167748416,1,6.5,542.7,506.5973746,373,0,0.104845218
O004,2026-09-06T18:55:30,D6_2_AFTERNOON,2,afternoon,33.25,0.866025404,1.083333333,6.5,531.6,690.8685677,784.5555556,0,0.104749436
O005,2026-09-06T18:55:58,D6_2_AFTERNOON,2,afternoon,33.25,0.866025404,1,8.125,216.6,213.0373989,276.3333333,0,0
O006,2026-09-06T18:56:21,D6_2_AFTERNOON,2,afternoon,33.25,0.866025404,1,6.5,330.1,360.7974039,395.2222222,0,0.104824056
O007,2026-09-06T18:56:50,D6_2_AFTERNOON,2,afternoon,31.75,2.98861476,1,6.5,367.2,268.7608602,335.8888889,0,0.104727696
O008,2026-09-06T18:57:19,D6_2_AFTERNOON,2,afternoon,30,0,1,6.5,537.9,997.4589326,911.3333333,0,0.104818492
O009,2026-09-06T18:57:47,D6_2_AFTERNOON,2,afternoon,33,0,1,9.75,140.4444444,151.7984775,111.625,10,0.104760079
O010,2026-09-06T18:58:23,D6_2_AFTERNOON,2,afternoon,33.25,0.866025404,1.083333333,6.5,114.7777778,98.0328743,141,10,0.104838163
O011,2026-09-06T18:58:54,D6_2_AFTERNOON,2,afternoon,32,2.335496832,1,6.5,142.7,160.3766747,192.8888889,0,0.104732685
O012,2026-09-06T18:59:22,D6_2_AFTERNOON,2,afternoon,30,0,1,6.5,490.7777778,783.3980115,718.625,10,0
O013,2026-09-06T18:59:57,D6_2_AFTERNOON,2,afternoon,30.5,1.732050808,1,6.5,179.5,196.0165809,249,0,0.104753308
O014,2026-09-06T19:00:28,D6_2_AFTERNOON,2,afternoon,32.75,2.378884383,1,6.5,293.7,281.1784921,277.3333333,0,0
O015,2026-09-06T19:01:03,D6_2_AFTERNOON,2,afternoon,33.75,1.356801051,1,6.5,549,654.3524365,537.4444444,0,0.104726995
O016,2026-09-06T19:01:42,D6_2_AFTERNOON,2,afternoon,31,1.954016842,1,6.5,297.3333333,294.6981507,301.5,10,0.104817843
O017,2026-09-06T19:02:18,D6_2_AFTERNOON,2,afternoon,30,0,1,6.5,158.2,143.1089717,148.4444444,0,0
O018,2026-09-06T19:02:41,D6_2_AFTERNOON,2,afternoon,30,0,1,8.125,167.8,129.6257862,179.8888889,0,0.104811483
O019,2026-09-06T19:03:07,D6_2_AFTERNOON,2,afternoon,31.25,2.00567377,1,7.041666667,351.9,307.529023,436.1111111,0,0.104850764
O020,2026-09-06T19:03:32,D6_2_AFTERNOON,2,afternoon,33.25,0.866025404,1,7.041666667,546.4,586.1031764,663.7777778,0,0.104801741
O021,2026-09-06T19:04:05,D6_2_AFTERNOON,2,afternoon,33.25,0.866025404,1,8.125,399,322.8608231,302.7777778,0,0.104768662
O022,2026-09-06T19:04:35,D6_2_AFTERNOON,2,afternoon,33,0,1.083333333,6.5,298.3,334.2663775,360.2222222,0,0.104749237
O023,2026-09-06T19:05:01,D6_2_AFTERNOON,2,afternoon,33,0,1,8.125,411.6,485.7848632,596.2222222,0,0.10473732
O024,2026-09-06T19:05:27,D6_2_AFTERNOON,2,afternoon,33,0,1,6.5,1014.888889,780.7895754,1090.625,10,0
O025,2026-09-06T19:06:02,D6_2_AFTERNOON,2,afternoon,33.5,1.167748416,1,6.5,933,1118.334029,801.625,10,0
O026,2026-09-06T19:06:37,D6_2_AFTERNOON,2,afternoon,33.25,2.378884383,1,7.583333333,108.8888889,61.65112417,55.5,10,0
O027,2026-09-06T19:07:03,D6_2_AFTERNOON,2,afternoon,30.5,1.732050808,1.083333333,6.5,192.8888889,208.6560833,196,10,0
O028,2026-09-06T19:07:37,D6_2_AFTERNOON,2,afternoon,33,0,1,6.5,207.9,231.1644196,313,0,0
O029,2026-09-06T19:08:08,D6_2_AFTERNOON,2,afternoon,33.5,1.167748416,1,6.5,262.4,339.933719,250.4444444,0,0
O030,2026-09-06T19:08:34,D6_2_AFTERNOON,2,afternoon,33.46153846,1.664100589,1,6.5,285.6,553.0353013,485.4444444,0,0.104856142
O001,2026-09-06T19:12:55,D6_3_AFTERNOON,3,afternoon,89.66666667,0.492365964,144.4,144.4,1.9,1.852925615,1.666666667,0,87.54271947
O002,2026-09-06T19:13:17,D6_3_AFTERNOON,3,afternoon,89,0,144.4,144.4,2.4,2.221110833,2,0,89.40053114
O003,2026-09-06T19:13:38,D6_3_AFTERNOON,3,afternoon,89,0,144.4,144.4,1.1,0.316227766,0.222222222,0,81.18219948
O004,2026-09-06T19:13:59,D6_3_AFTERNOON,3,afternoon,89,0,144.4,144.4,3.333333333,4.5,4.25,10,86.82265902
O005,2026-09-06T19:14:25,D6_3_AFTERNOON,3,afternoon,90,0,144.4,144.4,1.8,1.316561177,1.111111111,0,94.00915332
O006,2026-09-06T19:14:46,D6_3_AFTERNOON,3,afternoon,90,0,144.4,144.4,2,1.56347192,1.777777778,0,92.83050678
O007,2026-09-06T19:15:08,D6_3_AFTERNOON,3,afternoon,90,0,144.4,144.4,2.444444444,4.333333333,3.25,10,88.48346266
O008,2026-09-06T19:15:33,D6_3_AFTERNOON,3,afternoon,90,0,144.4,144.4,1.2,0.421637021,0.444444444,0,87.63204964
O009,2026-09-06T19:15:54,D6_3_AFTERNOON,3,afternoon,90,0,144.4,144.4,2.4,2.796823595,1.777777778,0,86.52055334
O010,2026-09-06T19:16:16,D6_3_AFTERNOON,3,afternoon,90,0,144.4,144.4,1.4,0.966091783,0.888888889,0,93.50135288
O011,2026-09-06T19:16:37,D6_3_AFTERNOON,3,afternoon,90,0,144.4,144.4,1.666666667,1.118033989,1,10,92.14838747
O012,2026-09-06T19:17:02,D6_3_AFTERNOON,3,afternoon,90,0,144.4,144.4,1.1,0.316227766,0.111111111,0,90.34398547
O013,2026-09-06T19:17:24,D6_3_AFTERNOON,3,afternoon,90,0,144.4,144.4,2.4,2.836272985,2.111111111,0,88.1750484
O014,2026-09-06T19:17:45,D6_3_AFTERNOON,3,afternoon,90,0,144.4,144.4,1.7,1.33749351,0.888888889,0,92.00871867
O015,2026-09-06T19:18:06,D6_3_AFTERNOON,3,afternoon,89.81818182,2.358736179,144.4,144.4,4.4,4.857983121,4.444444444,0,87.48265431
O016,2026-09-06T19:18:28,D6_3_AFTERNOON,3,afternoon,89.75,0.866025404,144.4,144.4,3.7,5.61842208,5.333333333,0,78.73979761
O017,2026-09-06T19:18:49,D6_3_AFTERNOON,3,afternoon,87,0,144.4,144.4,5.5,8.058811602,6.111111111,0,75.58194515
O018,2026-09-06T19:19:11,D6_3_AFTERNOON,3,afternoon,91,0,144.4,144.4,1.5,0.849836586,1.111111111,0,90.72592645
O019,2026-09-06T19:19:32,D6_3_AFTERNOON,3,afternoon,89,2.088931871,144.4,144.4,3.3,3.683295626,2.222222222,0,81.3890676
O020,2026-09-06T19:19:54,D6_3_AFTERNOON,3,afternoon,87,0,144.4,144.4,1.5,0.849836586,0.888888889,0,81.57471134
O021,2026-09-06T19:20:15,D6_3_AFTERNOON,3,afternoon,87,0,144.4,144.4,3.8,5.181162461,3,0,84.64275269
O022,2026-09-06T19:20:37,D6_3_AFTERNOON,3,afternoon,87.75,1.356801051,144.4,144.4,1.4,0.699205899,0.777777778,0,76.03435751
O023,2026-09-06T19:20:58,D6_3_AFTERNOON,3,afternoon,90.25,0.866025404,144.4,144.4,2.4,1.429840706,2,0,90.27211161
O024,2026-09-06T19:21:19,D6_3_AFTERNOON,3,afternoon,90,0,144.4,144.4,3.111111111,5.30199124,4,10,80.24874588
O025,2026-09-06T19:21:45,D6_3_AFTERNOON,3,afternoon,89.66666667,0.492365964,144.4,144.4,3,4.396968653,3.444444444,0,82.63002817
O026,2026-09-06T19:22:06,D6_3_AFTERNOON,3,afternoon,89,0.426401433,144.4,144.4,4.1,5.384133068,5,0,83.86231796
O027,2026-09-06T19:22:28,D6_3_AFTERNOON,3,afternoon,90,0,144.4,144.4,2.444444444,3.244653722,2.625,10,88.91090992
O028,2026-09-06T19:22:53,D6_3_AFTERNOON,3,afternoon,90.09090909,1.513574937,144.4,144.4,6.9,7.475143997,9.555555556,0,93.39568754
O029,2026-09-06T19:23:14,D6_3_AFTERNOON,3,afternoon,89,0,144.4,144.4,3,4.163331999,4.222222222,0,87.78604305
O030,2026-09-06T19:23:36,D6_3_AFTERNOON,3,afternoon,89,0,144.4,144.4,1.9,1.91195072,2,0,87.67610977
O001,2026-09-06T19:50:57,D6_1_AFTERNOON,1,afternoon,84,0,866.7,866.7,4.2,5.202563471,4.666666667,0,94.04006727
O002,2026-09-06T19:51:18,D6_1_AFTERNOON,1,afternoon,84,0,866.7,866.7,4.111111111,6.193634725,5.375,10,94.34022659
O003,2026-09-06T19:51:43,D6_1_AFTERNOON,1,afternoon,84.1,0.316227766,866.7,866.7,5.2,6.908931418,7.666666667,0,94.66401529
O004,2026-09-06T19:52:05,D6_1_AFTERNOON,1,afternoon,84,0,866.7,866.7,1.7,1.159501809,1.222222222,0,94.75151267
O005,2026-09-06T19:52:26,D6_1_AFTERNOON,1,afternoon,84.25,0.452267017,866.7,866.7,1.5,0.707106781,0.888888889,0,94.7813847
O006,2026-09-06T19:52:48,D6_1_AFTERNOON,1,afternoon,84.5,0.522232968,866.7,866.7,1,0,0,0,94.63726767
O007,2026-09-06T19:53:09,D6_1_AFTERNOON,1,afternoon,83.16666667,0.577350269,866.7,866.7,1.2,0.632455532,0.444444444,0,94.84069361
O008,2026-09-06T19:53:31,D6_1_AFTERNOON,1,afternoon,83,0,866.7,866.7,2.2,2.1499354,1.777777778,0,94.61972482
O009,2026-09-06T19:53:52,D6_1_AFTERNOON,1,afternoon,83,0,866.7,866.7,7,15.65602475,12.88888889,0,94.67157713
O010,2026-09-06T19:54:13,D6_1_AFTERNOON,1,afternoon,83,0,866.7,866.7,3.9,5.384133068,6.222222222,0,94.77506386
O011,2026-09-06T19:54:35,D6_1_AFTERNOON,1,afternoon,83,0,866.7,866.7,1.222222222,0.666666667,0.5,10,94.73710919
O012,2026-09-06T19:55:00,D6_1_AFTERNOON,1,afternoon,83,0,866.7,866.7,1.7,2.213594362,1.555555556,0,94.57161572
O013,2026-09-06T19:55:22,D6_1_AFTERNOON,1,afternoon,83,0,866.7,866.7,1.5,0.971825316,0.777777778,0,94.54703157
O014,2026-09-06T19:55:43,D6_1_AFTERNOON,1,afternoon,83,0,866.7,866.7,1,0,0,10,94.75962676
O015,2026-09-06T19:56:08,D6_1_AFTERNOON,1,afternoon,83,0,866.7,866.7,2.111111111,2.420973174,2.5,10,94.60629073
O016,2026-09-06T19:56:33,D6_1_AFTERNOON,1,afternoon,83,0,866.7,866.7,1.2,0.421637021,0.444444444,0,94.59551597
O017,2026-09-06T19:56:55,D6_1_AFTERNOON,1,afternoon,83.33333333,0.651338947,866.7,866.7,1.222222222,0.666666667,0.5,10,94.57728952
O018,2026-09-06T19:57:20,D6_1_AFTERNOON,1,afternoon,84,0,866.7,866.7,1.1,0.316227766,0.222222222,0,94.57676016
O019,2026-09-06T19:57:41,D6_1_AFTERNOON,1,afternoon,84,0,866.7,866.7,1.888888889,1.691481928,1.375,10,94.72892929
O020,2026-09-06T19:58:06,D6_1_AFTERNOON,1,afternoon,84,0,866.7,866.7,1.3,0.948683298,0.666666667,0,94.52579443
O021,2026-09-06T19:58:28,D6_1_AFTERNOON,1,afternoon,84,0,866.7,866.7,6.2,7.786027371,8.222222222,0,94.57084978
O022,2026-09-06T19:58:49,D6_1_AFTERNOON,1,afternoon,80,0,866.7,866.7,1,0,0,0,94.47951732
O023,2026-09-06T19:59:11,D6_1_AFTERNOON,1,afternoon,80,0,866.7,866.7,2.5,4.403281605,3.333333333,0,94.67335734
O024,2026-09-06T19:59:32,D6_1_AFTERNOON,1,afternoon,80,0,866.7,866.7,1.444444444,0.726483157,0.625,10,94.30067128
O025,2026-09-06T19:59:57,D6_1_AFTERNOON,1,afternoon,80,0,866.7,866.7,2,2.645751311,2,10,94.54638758
O026,2026-09-06T20:00:22,D6_1_AFTERNOON,1,afternoon,80,0,866.7,866.7,2.3,4.110960958,2.888888889,0,94.51957871
O027,2026-09-06T20:00:44,D6_1_AFTERNOON,1,afternoon,80,0,866.7,866.7,1.25,0.707106781,0.571428571,20,94.76528557
O028,2026-09-06T20:01:13,D6_1_AFTERNOON,1,afternoon,81.41666667,2.108783938,866.7,866.7,1,0,0,0,94.67236191
O029,2026-09-06T20:01:34,D6_1_AFTERNOON,1,afternoon,84,0,866.7,866.7,2.4,4.427188724,3.111111111,0,94.42758581
O030,2026-09-06T20:01:56,D6_1_AFTERNOON,1,afternoon,84,0,866.7,866.7,3.1,4.581363213,4.555555556,0,94.655451
O001,2026-09-07T07:48:42,D7_1_MORNING,1,morning,85,0,866.7,866.7,4.2,5.996295152,6.111111111,0,93.9061045
O002,2026-09-07T07:49:03,D7_1_MORNING,1,morning,84.08333333,0.288675135,866.7,866.7,14.9,20.05243127,17.55555556,0,93.20892461
O003,2026-09-07T07:49:24,D7_1_MORNING,1,morning,84.16666667,0.389249472,866.7,866.7,1.1,0.316227766,0.222222222,0,91.87312972
O004,2026-09-07T07:49:46,D7_1_MORNING,1,morning,84.07692308,0.277350098,866.7,866.7,1,0,0,0,90.77625535
O005,2026-09-07T07:50:07,D7_1_MORNING,1,morning,84.23076923,0.43852901,866.7,866.7,1.9,2.846049894,2,0,94.58175808
O006,2026-09-07T07:50:29,D7_1_MORNING,1,morning,84,0,866.7,866.7,1.2,0.632455532,0.444444444,0,94.7623993
O007,2026-09-07T07:50:50,D7_1_MORNING,1,morning,84.23076923,0.43852901,866.7,866.7,7.6,8.682037651,5.888888889,0,91.83611895
O008,2026-09-07T07:51:11,D7_1_MORNING,1,morning,84.23076923,0.43852901,866.7,866.7,1.2,0.632455532,0.444444444,0,93.2686552
O009,2026-09-07T07:51:33,D7_1_MORNING,1,morning,84,0,866.7,866.7,1,0,0,0,94.03123332
O010,2026-09-07T07:51:54,D7_1_MORNING,1,morning,84.23076923,0.43852901,866.7,866.7,1.1,0.316227766,0.222222222,0,93.19480016
O011,2026-09-07T07:52:16,D7_1_MORNING,1,morning,84.23076923,0.43852901,866.7,866.7,1,0,0,0,92.95918114
O012,2026-09-07T07:52:37,D7_1_MORNING,1,morning,84.69230769,0.480384461,866.7,866.7,1,0,0,0,92.97725344
O013,2026-09-07T07:52:58,D7_1_MORNING,1,morning,84.07692308,0.277350098,866.7,866.7,1.4,0.966091783,0.888888889,0,92.88997442
O014,2026-09-07T07:53:20,D7_1_MORNING,1,morning,84,0,866.7,866.7,1,0,0,0,93.22033942
O015,2026-09-07T07:53:41,D7_1_MORNING,1,morning,84,0,866.7,866.7,1,0,0,0,93.75272112
O016,2026-09-07T07:54:02,D7_1_MORNING,1,morning,84.30769231,0.480384461,866.7,866.7,1,0,0,0,93.77391135
O017,2026-09-07T07:54:23,D7_1_MORNING,1,morning,84.23076923,0.43852901,866.7,866.7,1.6,1.577621275,1.222222222,0,94.5912729
O018,2026-09-07T07:54:45,D7_1_MORNING,1,morning,84.07692308,0.277350098,866.7,866.7,1,0,0,0,94.16145566
O019,2026-09-07T07:55:06,D7_1_MORNING,1,morning,84.15384615,0.375533808,866.7,866.7,1.1,0.316227766,0.222222222,0,92.68347385
O020,2026-09-07T07:55:28,D7_1_MORNING,1,morning,84.23076923,0.43852901,866.7,866.7,1,0,0,0,93.8173033
O021,2026-09-07T07:55:49,D7_1_MORNING,1,morning,84.23076923,0.43852901,866.7,866.7,1.888888889,2.666666667,2,10,94.08223017
O022,2026-09-07T07:56:15,D7_1_MORNING,1,morning,84.23076923,0.43852901,866.7,866.7,1,0,0,0,93.40174041
O023,2026-09-07T07:56:36,D7_1_MORNING,1,morning,84.23076923,0.43852901,866.7,866.7,1,0,0,0,93.08156597
O024,2026-09-07T07:56:58,D7_1_MORNING,1,morning,84.15384615,0.375533808,866.7,866.7,1,0,0,0,93.42099358
O025,2026-09-07T07:57:19,D7_1_MORNING,1,morning,84.38461538,0.506369684,866.7,866.7,1,0,0,0,93.46997109
O026,2026-09-07T07:57:41,D7_1_MORNING,1,morning,84.23076923,0.43852901,866.7,866.7,1.2,0.632455532,0.444444444,0,94.31929472
O027,2026-09-07T07:58:02,D7_1_MORNING,1,morning,84.30769231,0.480384461,866.7,866.7,1.2,0.421637021,0.444444444,0,93.10206606
O028,2026-09-07T07:58:24,D7_1_MORNING,1,morning,84.15384615,0.375533808,866.7,866.7,1,0,0,0,94.76573036
O029,2026-09-07T07:58:45,D7_1_MORNING,1,morning,84,0,866.7,866.7,1,0,0,0,94.62560639
O030,2026-09-07T07:59:07,D7_1_MORNING,1,morning,84.30769231,0.480384461,866.7,866.7,1.2,0.632455532,0.444444444,0,91.43543403
O001,2026-09-07T09:00:04,D7_3_MORNING,3,morning,89.83333333,1.029857301,144.4,144.4,2,1.699673171,1.444444444,0,83.43772174
O002,2026-09-07T09:00:25,D7_3_MORNING,3,morning,90,0,144.4,144.4,2.4,1.646545205,1.666666667,0,94.32075588
O003,2026-09-07T09:00:47,D7_3_MORNING,3,morning,89.33333333,0.492365964,144.4,144.4,3.222222222,4.867693956,4.625,10,84.02930281
O004,2026-09-07T09:01:12,D7_3_MORNING,3,morning,89.91666667,0.288675135,144.4,144.4,2.6,2.951459149,2.888888889,0,91.98356734
O005,2026-09-07T09:01:33,D7_3_MORNING,3,morning,90,0,144.4,144.4,1.2,0.632455532,0.444444444,0,92.75424063
O006,2026-09-07T09:01:54,D7_3_MORNING,3,morning,89.33333333,0.984731928,144.4,144.4,2,1.658312395,1.5,10,83.63500729
O007,2026-09-07T09:02:19,D7_3_MORNING,3,morning,89.16666667,0.389249472,144.4,144.4,2.666666667,2.121320344,2.75,10,32.81384962
O008,2026-09-07T09:02:44,D7_3_MORNING,3,morning,87.75,1.356801051,144.4,144.4,3.111111111,3.370624736,3.125,10,76.42717366
O009,2026-09-07T09:03:09,D7_3_MORNING,3,morning,89.75,0.452267017,144.4,144.4,1.5,1.08012345,0.666666667,0,92.7866348
O010,2026-09-07T09:03:30,D7_3_MORNING,3,morning,90,0,144.4,144.4,3.2,4.66190233,4,0,93.37416067
O011,2026-09-07T09:03:52,D7_3_MORNING,3,morning,90,0,144.4,144.4,1.5,0.849836586,0.777777778,0,88.20549249
O012,2026-09-07T09:04:13,D7_3_MORNING,3,morning,90,0,144.4,144.4,10.5,16.4062996,11,0,91.75159665
O013,2026-09-07T09:04:34,D7_3_MORNING,3,morning,90,0,144.4,144.4,3.4,3.502380143,3.555555556,0,90.56599312
O014,2026-09-07T09:04:56,D7_3_MORNING,3,morning,90,0,144.4,144.4,2.2,1.686548085,2.222222222,0,90.76571903
O015,2026-09-07T09:05:17,D7_3_MORNING,3,morning,90,0,144.4,144.4,1.9,1.91195072,2,0,90.41695423
O016,2026-09-07T09:05:38,D7_3_MORNING,3,morning,90,0,144.4,144.4,2.3,1.766981104,1.666666667,0,68.32201484
O017,2026-09-07T09:06:00,D7_3_MORNING,3,morning,89.66666667,0.492365964,144.4,144.4,1.5,0.971825316,0.777777778,0,82.53693215
O018,2026-09-07T09:06:21,D7_3_MORNING,3,morning,89.91666667,0.288675135,144.4,144.4,1.9,1.286683938,0.888888889,0,88.19087565
O019,2026-09-07T09:06:43,D7_3_MORNING,3,morning,90,0,144.4,144.4,1.5,1.269295518,1.111111111,0,88.16111948
O020,2026-09-07T09:07:04,D7_3_MORNING,3,morning,90,0,144.4,144.4,1.6,1.0749677,1.333333333,0,88.17387721
O021,2026-09-07T09:07:25,D7_3_MORNING,3,morning,90,0,144.4,144.4,2.2,2.573367875,2.333333333,0,85.28264513
O022,2026-09-07T09:07:47,D7_3_MORNING,3,morning,90,0,144.4,144.4,1.4,0.699205899,0.444444444,0,94.20287734
O023,2026-09-07T09:08:09,D7_3_MORNING,3,morning,90,0,144.4,144.4,1.3,0.483045892,0.111111111,0,89.89285914
O024,2026-09-07T09:08:30,D7_3_MORNING,3,morning,90,0,144.4,144.4,1.2,0.632455532,0.444444444,0,90.56314466
O025,2026-09-07T09:08:51,D7_3_MORNING,3,morning,90,0,144.4,144.4,1.8,1.619327707,1.222222222,0,89.53042164
O026,2026-09-07T09:09:13,D7_3_MORNING,3,morning,90,0,144.4,144.4,1.7,0.948683298,0.888888889,0,89.14662329
O027,2026-09-07T09:09:34,D7_3_MORNING,3,morning,90,0,144.4,144.4,2.4,2.270584849,2.333333333,0,92.42510325
O028,2026-09-07T09:09:56,D7_3_MORNING,3,morning,90,0,144.4,144.4,5.1,5.915140648,7.333333333,0,89.38027838
O029,2026-09-07T09:10:17,D7_3_MORNING,3,morning,90,0,144.4,144.4,11.8,33.45577512,12.22222222,0,92.21425078
O030,2026-09-07T09:10:39,D7_3_MORNING,3,morning,89.75,0.452267017,144.4,144.4,11.2,24.18355732,18.33333333,0,92.43322292
O001,2026-09-07T09:11:16,D7_3_MORNING,2,morning,33.25,4.515126093,13.375,34.75,1309.428571,1365.15089,1428,20,0.104726995
O002,2026-09-07T09:12:20,D7_3_MORNING,2,morning,39,2.860387768,1.083333333,13.54166667,952.1111111,928.6345412,768.75,0,0.104817843
O003,2026-09-07T09:12:36,D7_3_MORNING,2,morning,35.25,1.356801051,1,6.5,,,,,0
O004,2026-09-07T09:13:29,D7_3_MORNING,2,morning,38.5,2.8123106,1.916666667,22.20833333,1032.25,929.0304854,579.7142857,20,0.104811483
O005,2026-09-07T09:13:51,D7_3_MORNING,2,morning,35.5,2.50454133,1.333333333,9.208333333,605.4,342.1741597,466.1111111,0,0.104850764
O006,2026-09-07T09:14:06,D7_3_MORNING,2,morning,33.75,1.356801051,1,8.125,408.9,592.9269114,522.7777778,0,0.104801741
O007,2026-09-07T09:14:21,D7_3_MORNING,2,morning,35.25,1.356801051,1,6.5,358.9,343.4887836,385.6666667,0,0.104768662
O008,2026-09-07T09:14:36,D7_3_MORNING,2,morning,39.75,1.356801051,1,11.91666667,53.8,33.30265255,33.88888889,0,0
O009,2026-09-07T09:14:51,D7_3_MORNING,2,morning,37,2.335496832,1,6.5,208.4444444,330.2223157,141.25,10,0.10473732
O010,2026-09-07T09:15:06,D7_3_MORNING,2,morning,39,0,1.5,10.83333333,116.7,143.1052837,187.1111111,0,0
O011,2026-09-07T09:15:21,D7_3_MORNING,2,morning,37,2.954195784,1.791666667,7.583333333,391.8,634.2251265,281.7777778,0,0.104760079
O012,2026-09-07T09:15:37,D7_3_MORNING,2,morning,35,2.335496832,1,6.5,511.3,410.8460241,473.6666667,0,0.104845218
O013,2026-09-07T09:15:52,D7_3_MORNING,2,morning,35.75,2.701009912,1,6.5,569.4,300.9020512,166.8888889,0,0.104749436
O014,2026-09-07T09:16:07,D7_3_MORNING,2,morning,36,0,1,6.5,1387.8,1078.562809,1053.777778,0,0
O015,2026-09-07T09:16:25,D7_3_MORNING,2,morning,39.5,1.732050808,1,6.5,426.5,233.2605839,232.3333333,0,0.104824056
O016,2026-09-07T09:16:40,D7_3_MORNING,2,morning,37.5,2.393172106,1,6.5,383.1,304.0509643,390.1111111,0,0.104727696
O017,2026-09-07T09:16:55,D7_3_MORNING,2,morning,35.25,1.356801051,1,6.5,1577.1,1092.544375,1182,0,0.104818492
O018,2026-09-07T09:17:16,D7_3_MORNING,2,morning,34,1.477097892,1,10.29166667,290.5,315.4299535,262.2222222,0,0.105660079
O019,2026-09-07T09:17:31,D7_3_MORNING,2,morning,32,3.21926022,1,13,300,270.4366839,228.7777778,0,0.209592253
O020,2026-09-07T09:17:46,D7_3_MORNING,2,morning,31.75,5.344921124,1,10.29166667,,,,,0
O021,2026-09-07T09:18:26,D7_3_MORNING,2,morning,33.75,1.356801051,1.083333333,6.5,674.3,648.3560493,632.1111111,0,0
O022,2026-09-07T09:18:41,D7_3_MORNING,2,morning,29.25,3.646293261,1,6.5,729.9,804.5869126,1018,0,0
O023,2026-09-07T09:18:56,D7_3_MORNING,2,morning,33.75,1.356801051,1,6.5,202,188.1488772,192.25,10,0
O024,2026-09-07T09:19:12,D7_3_MORNING,2,morning,33.5,1.167748416,1,6.5,647.9,490.0996384,668,0,0.104793016
O025,2026-09-07T09:19:44,D7_3_MORNING,2,morning,33.25,2.00567377,1,6.5,122.3,105.9392384,139.3333333,0,0
O026,2026-09-07T09:20:08,D7_3_MORNING,2,morning,34.75,1.544785952,1,6.5,459.9,542.296649,450.7777778,0,0.104711005
O027,2026-09-07T09:20:45,D7_3_MORNING,2,morning,34,1.477097892,1,7.041666667,576.7,358.2249604,375.1111111,0,0
O028,2026-09-07T09:21:11,D7_3_MORNING,2,morning,34,1.477097892,1,6.5,485.7,481.1562578,464.8888889,0,0.104700842
O029,2026-09-07T09:21:41,D7_3_MORNING,2,morning,33.5,2.50454133,1,7.583333333,192.4,173.6332022,253.4444444,0,0
O030,2026-09-07T09:22:10,D7_3_MORNING,2,morning,33.25,0.866025404,1,6.5,340.1,256.8793275,287.5555556,0,0
